Workbook
Name Slicer_AGE: #N/A
Name Slicer_Education_level: #N/A
Name Slicer_Region: #N/A
Name Slicer_Region1: #N/A
Name Slicer_State: #N/A

Sheet Patient Demographics
A1: Patient Id | B1: Patient Name | C1: Gender | D1: Date of Birth | E1: Updated_DOB | F1: Year_DOB | G1: AGE | H1: Age Group | I1: Income (LPA) | J1: Location (state) | K1: Region | L1: Updated_Region_Vlookup | M1: Updated_Region_Hlookup | N1: Updated_Region | O1: TRIM_NAME | P1: First_name | Q1: Name_01 | R1: Name_02 | S1: Report_Name | T1: Priority | U1: Further_Priority | V1: Further_Priority_IFS | W1: Region | X1: Count
A2: PID0001 | B2: Shreya Reddy | C2: Female | D2: 31/12/1973 | E2: =DATEVALUE(D2) -> 27029 | F2: =YEAR(E2) -> 1973 | G2: =$X$9-F2 -> 52 | H2: {=_xlfn.IFS( AND(G2>=21, G2<=30), "Young Adult", AND(G2>=31, G2<=45), "Adult", AND(G2>=46, G2<=60), "Middle-aged", AND(G2>=61, G2<=75), "Senior", AND(G2>=76, G2<=87), "Elderly", TRUE, "Out of Range" )} -> Middle-aged | I2: 20 | J2: Tamil Nadu | K2: South | L2: =VLOOKUP(J2,Facts!$A$2:$B$10,2,FALSE) -> South | M2: =HLOOKUP(J2,Facts!$D$13:$L$14,2,FALSE) -> South | N2: =_xlfn.XLOOKUP(L2,Facts!$B$2:$B$10,Facts!$A$2:$A$10,FALSE) -> Tamil Nadu | O2: =TRIM(B2) -> Shreya Reddy | P2: {=_xlfn.TEXTSPLIT(O2," ")} -> Shreya | Q2: Reddy | S2: =CONCATENATE(A2,"_",P2,".pdf") -> PID0001_Shreya.pdf | T2: =IF(AND(I2<5,'Billing Details'!F2>10000),"High Priority","Regular Followup") -> Regular Followup | U2: =IF(AND(T2="High Priority",'Patient Health Records'!W2="Yes",'Patient Health Records'!X2 = "Critical"),"Needs Attention",IF(AND('Patient Health Records'!X2 <> "Critical", 'Patient Health Records'!W2 = "Yes"),"Monitor Later",IF(AND('Patient Health Records'!X2 ="Critical", 'Patient Health Records'!W2 = "No"), "Ask for Readmission","No Action"))) -> Ask for Readmission | V2: {=_xlfn.IFS(AND(T2="High Priority",'Patient Health Records'!W2="Yes",'Patient Health Records'!X2 = "Critical"),"Needs Attention", AND('Patient Health Records'!X2 <> "Critical", 'Patient Health Records'!W2 = "Yes"),"Monitor Later", AND('Patient Health Records'!X2 ="Critical", 'Patient Health Records'!W2 = "No"), "Ask for Readmission", TRUE, "No Action")} -> Ask for Readmission | W2: {=_xlfn.UNIQUE(K:K)} -> Region | X2: Count_people
A3: PID0002 | B3: Isha Sharma | C3: Female | D3: 31/12/1953 | E3: =DATEVALUE(D3) -> 19724 | F3: =YEAR(E3) -> 1953 | G3: =$X$9-F3 -> 72 | H3: {=_xlfn.IFS( AND(G3>=21, G3<=30), "Young Adult", AND(G3>=31, G3<=45), "Adult", AND(G3>=46, G3<=60), "Middle-aged", AND(G3>=61, G3<=75), "Senior", AND(G3>=76, G3<=87), "Elderly", TRUE, "Out of Range" )} -> Senior | I3: 15 | J3: Maharashtra | K3: South | L3: West | M3: =HLOOKUP(J3,Facts!$D$13:$L$14,2,FALSE) -> West | N3: =_xlfn.XLOOKUP(L3,Facts!$B$2:$B$10,Facts!$A$2:$A$10,FALSE) -> Maharashtra | O3: =TRIM(B3) -> Isha Sharma | P3: {=_xlfn.TEXTSPLIT(O3," ")} -> Isha | Q3: Sharma | S3: =CONCATENATE(A3,"_",P3,".pdf") -> PID0002_Isha.pdf | T3: =IF(AND(I3<5,'Billing Details'!F3>10000),"High Priority","Regular Followup") -> Regular Followup | U3: =IF(AND(T3="High Priority",'Patient Health Records'!W3="Yes",'Patient Health Records'!X3 = "Critical"),"Needs Attention",IF(AND('Patient Health Records'!X3 <> "Critical", 'Patient Health Records'!W3 = "Yes"),"Monitor Later",IF(AND('Patient Health Records'!X3 ="Critical", 'Patient Health Records'!W3 = "No"), "Ask for Readmission","No Action"))) -> No Action | V3: {=_xlfn.IFS(AND(T3="High Priority",'Patient Health Records'!W3="Yes",'Patient Health Records'!X3 = "Critical"),"Needs Attention", AND('Patient Health Records'!X3 <> "Critical", 'Patient Health Records'!W3 = "Yes"),"Monitor Later", AND('Patient Health Records'!X3 ="Critical", 'Patient Health Records'!W3 = "No"), "Ask for Readmission", TRUE, "No Action")} -> No Action | W3: South | X3: =COUNTIFS(T:T,"High Priority",L:L,"South") -> 53
A4: PID0003 | B4: Isha Raj Reddy | C4: Female | D4: 31/12/1993 | E4: =DATEVALUE(D4) -> 34334 | F4: =YEAR(E4) -> 1993 | G4: =$X$9-F4 -> 32 | H4: {=_xlfn.IFS( AND(G4>=21, G4<=30), "Young Adult", AND(G4>=31, G4<=45), "Adult", AND(G4>=46, G4<=60), "Middle-aged", AND(G4>=61, G4<=75), "Senior", AND(G4>=76, G4<=87), "Elderly", TRUE, "Out of Range" )} -> Adult | I4: 20 | J4: Punjab | K4: North | L4: =VLOOKUP(J4,Facts!$A$2:$B$10,2,FALSE) -> North | M4: =HLOOKUP(J4,Facts!$D$13:$L$14,2,FALSE) -> North | N4: =_xlfn.XLOOKUP(L4,Facts!$B$2:$B$10,Facts!$A$2:$A$10,FALSE) -> Punjab | O4: =TRIM(B4) -> Isha Raj Reddy | P4: {=_xlfn.TEXTSPLIT(O4," ")} -> Isha | Q4: Raj | R4: Reddy | S4: =CONCATENATE(A4,"_",P4,".pdf") -> PID0003_Isha.pdf | T4: =IF(AND(I4<5,'Billing Details'!F4>10000),"High Priority","Regular Followup") -> Regular Followup | U4: =IF(AND(T4="High Priority",'Patient Health Records'!W4="Yes",'Patient Health Records'!X4 = "Critical"),"Needs Attention",IF(AND('Patient Health Records'!X4 <> "Critical", 'Patient Health Records'!W4 = "Yes"),"Monitor Later",IF(AND('Patient Health Records'!X4 ="Critical", 'Patient Health Records'!W4 = "No"), "Ask for Readmission","No Action"))) -> Ask for Readmission | V4: {=_xlfn.IFS(AND(T4="High Priority",'Patient Health Records'!W4="Yes",'Patient Health Records'!X4 = "Critical"),"Needs Attention", AND('Patient Health Records'!X4 <> "Critical", 'Patient Health Records'!W4 = "Yes"),"Monitor Later", AND('Patient Health Records'!X4 ="Critical", 'Patient Health Records'!W4 = "No"), "Ask for Readmission", TRUE, "No Action")} -> Ask for Readmission | W4: North | X4: =COUNTIFS(T:T,"High Priority",L:L,"North") -> 143
A5: PID0004 | B5: Aditya Patel | C5: Male | D5: 31/12/1993 | E5: =DATEVALUE(D5) -> 34334 | F5: =YEAR(E5) -> 1993 | G5: =$X$9-F5 -> 32 | H5: {=_xlfn.IFS( AND(G5>=21, G5<=30), "Young Adult", AND(G5>=31, G5<=45), "Adult", AND(G5>=46, G5<=60), "Middle-aged", AND(G5>=61, G5<=75), "Senior", AND(G5>=76, G5<=87), "Elderly", TRUE, "Out of Range" )} -> Adult | I5: 15 | J5: Karnataka | K5: South | L5: =VLOOKUP(J5,Facts!$A$2:$B$10,2,FALSE) -> South | M5: =HLOOKUP(J5,Facts!$D$13:$L$14,2,FALSE) -> South | N5: =_xlfn.XLOOKUP(L5,Facts!$B$2:$B$10,Facts!$A$2:$A$10,FALSE) -> Tamil Nadu | O5: =TRIM(B5) -> Aditya Patel | P5: {=_xlfn.TEXTSPLIT(O5," ")} -> Aditya | Q5: Patel | S5: =CONCATENATE(A5,"_",P5,".pdf") -> PID0004_Aditya.pdf | T5: =IF(AND(I5<5,'Billing Details'!F5>10000),"High Priority","Regular Followup") -> Regular Followup | U5: =IF(AND(T5="High Priority",'Patient Health Records'!W5="Yes",'Patient Health Records'!X5 = "Critical"),"Needs Attention",IF(AND('Patient Health Records'!X5 <> "Critical", 'Patient Health Records'!W5 = "Yes"),"Monitor Later",IF(AND('Patient Health Records'!X5 ="Critical", 'Patient Health Records'!W5 = "No"), "Ask for Readmission","No Action"))) -> Ask for Readmission | V5: {=_xlfn.IFS(AND(T5="High Priority",'Patient Health Records'!W5="Yes",'Patient Health Records'!X5 = "Critical"),"Needs Attention", AND('Patient Health Records'!X5 <> "Critical", 'Patient Health Records'!W5 = "Yes"),"Monitor Later", AND('Patient Health Records'!X5 ="Critical", 'Patient Health Records'!W5 = "No"), "Ask for Readmission", TRUE, "No Action")} -> Ask for Readmission | W5: East | X5: =COUNTIFS(T:T,"High Priority",L:L,"East") -> 26
A6: PID0005 | B6: Aarav Mehta | C6: Male | D6: 31/12/1988 | E6: =DATEVALUE(D6) -> 32508 | F6: =YEAR(E6) -> 1988 | G6: =$X$9-F6 -> 37 | H6: {=_xlfn.IFS( AND(G6>=21, G6<=30), "Young Adult", AND(G6>=31, G6<=45), "Adult", AND(G6>=46, G6<=60), "Middle-aged", AND(G6>=61, G6<=75), "Senior", AND(G6>=76, G6<=87), "Elderly", TRUE, "Out of Range" )} -> Adult | I6: 2 | J6: Uttar Pradesh | K6: North | L6: =VLOOKUP(J6,Facts!$A$2:$B$10,2,FALSE) -> North | M6: =HLOOKUP(J6,Facts!$D$13:$L$14,2,FALSE) -> North | N6: =_xlfn.XLOOKUP(L6,Facts!$B$2:$B$10,Facts!$A$2:$A$10,FALSE) -> Punjab | O6: =TRIM(B6) -> Aarav Mehta | P6: {=_xlfn.TEXTSPLIT(O6," ")} -> Aarav | Q6: Mehta | S6: =CONCATENATE(A6,"_",P6,".pdf") -> PID0005_Aarav.pdf | T6: =IF(AND(I6<5,'Billing Details'!F6>10000),"High Priority","Regular Followup") -> High Priority | U6: =IF(AND(T6="High Priority",'Patient Health Records'!W6="Yes",'Patient Health Records'!X6 = "Critical"),"Needs Attention",IF(AND('Patient Health Records'!X6 <> "Critical", 'Patient Health Records'!W6 = "Yes"),"Monitor Later",IF(AND('Patient Health Records'!X6 ="Critical", 'Patient Health Records'!W6 = "No"), "Ask for Readmission","No Action"))) -> Needs Attention | V6: {=_xlfn.IFS(AND(T6="High Priority",'Patient Health Records'!W6="Yes",'Patient Health Records'!X6 = "Critical"),"Needs Attention", AND('Patient Health Records'!X6 <> "Critical", 'Patient Health Records'!W6 = "Yes"),"Monitor Later", AND('Patient Health Records'!X6 ="Critical", 'Patient Health Records'!W6 = "No"), "Ask for Readmission", TRUE, "No Action")} -> Needs Attention | W6: West | X6: =COUNTIFS(T:T,"High Priority",L:L,"West") -> 4
A7: PID0006 | B7: Aarav Sharma | C7: Male | D7: 31/12/1938 | E7: =DATEVALUE(D7) -> 14245 | F7: =YEAR(E7) -> 1938 | G7: =$X$9-F7 -> 87 | H7: {=_xlfn.IFS( AND(G7>=21, G7<=30), "Young Adult", AND(G7>=31, G7<=45), "Adult", AND(G7>=46, G7<=60), "Middle-aged", AND(G7>=61, G7<=75), "Senior", AND(G7>=76, G7<=87), "Elderly", TRUE, "Out of Range" )} -> Elderly | I7: 20 | J7: Karnataka | K7: South | L7: =VLOOKUP(J7,Facts!$A$2:$B$10,2,FALSE) -> South | M7: =HLOOKUP(J7,Facts!$D$13:$L$14,2,FALSE) -> South | N7: =_xlfn.XLOOKUP(L7,Facts!$B$2:$B$10,Facts!$A$2:$A$10,FALSE) -> Tamil Nadu | O7: =TRIM(B7) -> Aarav Sharma | P7: {=_xlfn.TEXTSPLIT(O7," ")} -> Aarav | Q7: Sharma | S7: =CONCATENATE(A7,"_",P7,".pdf") -> PID0006_Aarav.pdf | T7: =IF(AND(I7<5,'Billing Details'!F7>10000),"High Priority","Regular Followup") -> Regular Followup | U7: =IF(AND(T7="High Priority",'Patient Health Records'!W7="Yes",'Patient Health Records'!X7 = "Critical"),"Needs Attention",IF(AND('Patient Health Records'!X7 <> "Critical", 'Patient Health Records'!W7 = "Yes"),"Monitor Later",IF(AND('Patient Health Records'!X7 ="Critical", 'Patient Health Records'!W7 = "No"), "Ask for Readmission","No Action"))) -> No Action | V7: {=_xlfn.IFS(AND(T7="High Priority",'Patient Health Records'!W7="Yes",'Patient Health Records'!X7 = "Critical"),"Needs Attention", AND('Patient Health Records'!X7 <> "Critical", 'Patient Health Records'!W7 = "Yes"),"Monitor Later", AND('Patient Health Records'!X7 ="Critical", 'Patient Health Records'!W7 = "No"), "Ask for Readmission", TRUE, "No Action")} -> No Action | W7: 0
A8: PID0007 | B8: Sai Raj Patel | C8: Male | D8: 31/12/1988 | E8: =DATEVALUE(D8) -> 32508 | F8: =YEAR(E8) -> 1988 | G8: =$X$9-F8 -> 37 | H8: {=_xlfn.IFS( AND(G8>=21, G8<=30), "Young Adult", AND(G8>=31, G8<=45), "Adult", AND(G8>=46, G8<=60), "Middle-aged", AND(G8>=61, G8<=75), "Senior", AND(G8>=76, G8<=87), "Elderly", TRUE, "Out of Range" )} -> Adult | I8: 40 | J8: Maharashtra | K8: North | L8: =VLOOKUP(J8,Facts!$A$2:$B$10,2,FALSE) -> West | M8: =HLOOKUP(J8,Facts!$D$13:$L$14,2,FALSE) -> West | N8: =_xlfn.XLOOKUP(L8,Facts!$B$2:$B$10,Facts!$A$2:$A$10,FALSE) -> Maharashtra | O8: =TRIM(B8) -> Sai Raj Patel | P8: {=_xlfn.TEXTSPLIT(O8," ")} -> Sai | Q8: Raj | R8: Patel | S8: =CONCATENATE(A8,"_",P8,".pdf") -> PID0007_Sai.pdf | T8: =IF(AND(I8<5,'Billing Details'!F8>10000),"High Priority","Regular Followup") -> Regular Followup | U8: =IF(AND(T8="High Priority",'Patient Health Records'!W8="Yes",'Patient Health Records'!X8 = "Critical"),"Needs Attention",IF(AND('Patient Health Records'!X8 <> "Critical", 'Patient Health Records'!W8 = "Yes"),"Monitor Later",IF(AND('Patient Health Records'!X8 ="Critical", 'Patient Health Records'!W8 = "No"), "Ask for Readmission","No Action"))) -> No Action | V8: {=_xlfn.IFS(AND(T8="High Priority",'Patient Health Records'!W8="Yes",'Patient Health Records'!X8 = "Critical"),"Needs Attention", AND('Patient Health Records'!X8 <> "Critical", 'Patient Health Records'!W8 = "Yes"),"Monitor Later", AND('Patient Health Records'!X8 ="Critical", 'Patient Health Records'!W8 = "No"), "Ask for Readmission", TRUE, "No Action")} -> No Action
A9: PID0008 | B9: Shreya Reddy | C9: Female | D9: 31/12/1994 | E9: =DATEVALUE(D9) -> 34699 | F9: =YEAR(E9) -> 1994 | G9: =$X$9-F9 -> 31 | H9: {=_xlfn.IFS( AND(G9>=21, G9<=30), "Young Adult", AND(G9>=31, G9<=45), "Adult", AND(G9>=46, G9<=60), "Middle-aged", AND(G9>=61, G9<=75), "Senior", AND(G9>=76, G9<=87), "Elderly", TRUE, "Out of Range" )} -> Adult | I9: 30 | J9: Kerala | K9: East | L9: =VLOOKUP(J9,Facts!$A$2:$B$10,2,FALSE) -> South | M9: =HLOOKUP(J9,Facts!$D$13:$L$14,2,FALSE) -> South | N9: =_xlfn.XLOOKUP(L9,Facts!$B$2:$B$10,Facts!$A$2:$A$10,FALSE) -> Tamil Nadu | O9: =TRIM(B9) -> Shreya Reddy | P9: {=_xlfn.TEXTSPLIT(O9," ")} -> Shreya | Q9: Reddy | S9: =CONCATENATE(A9,"_",P9,".pdf") -> PID0008_Shreya.pdf | T9: =IF(AND(I9<5,'Billing Details'!F9>10000),"High Priority","Regular Followup") -> Regular Followup | U9: =IF(AND(T9="High Priority",'Patient Health Records'!W9="Yes",'Patient Health Records'!X9 = "Critical"),"Needs Attention",IF(AND('Patient Health Records'!X9 <> "Critical", 'Patient Health Records'!W9 = "Yes"),"Monitor Later",IF(AND('Patient Health Records'!X9 ="Critical", 'Patient Health Records'!W9 = "No"), "Ask for Readmission","No Action"))) -> Monitor Later | V9: {=_xlfn.IFS(AND(T9="High Priority",'Patient Health Records'!W9="Yes",'Patient Health Records'!X9 = "Critical"),"Needs Attention", AND('Patient Health Records'!X9 <> "Critical", 'Patient Health Records'!W9 = "Yes"),"Monitor Later", AND('Patient Health Records'!X9 ="Critical", 'Patient Health Records'!W9 = "No"), "Ask for Readmission", TRUE, "No Action")} -> Monitor Later | W9: Current_year | X9: 2025
A10: PID0009 | B10: Diya Mehta | C10: Female | D10: 31/12/1978 | E10: =DATEVALUE(D10) -> 28855 | F10: =YEAR(E10) -> 1978 | G10: =$X$9-F10 -> 47 | H10: {=_xlfn.IFS( AND(G10>=21, G10<=30), "Young Adult", AND(G10>=31, G10<=45), "Adult", AND(G10>=46, G10<=60), "Middle-aged", AND(G10>=61, G10<=75), "Senior", AND(G10>=76, G10<=87), "Elderly", TRUE, "Out of Range" )} -> Middle-aged | I10: 20 | J10: Karnataka | K10: South | L10: =VLOOKUP(J10,Facts!$A$2:$B$10,2,FALSE) -> South | M10: =HLOOKUP(J10,Facts!$D$13:$L$14,2,FALSE) -> South | N10: =_xlfn.XLOOKUP(L10,Facts!$B$2:$B$10,Facts!$A$2:$A$10,FALSE) -> Tamil Nadu | O10: =TRIM(B10) -> Diya Mehta | P10: {=_xlfn.TEXTSPLIT(O10," ")} -> Diya | Q10: Mehta | S10: =CONCATENATE(A10,"_",P10,".pdf") -> PID0009_Diya.pdf | T10: =IF(AND(I10<5,'Billing Details'!F10>10000),"High Priority","Regular Followup") -> Regular Followup | U10: =IF(AND(T10="High Priority",'Patient Health Records'!W10="Yes",'Patient Health Records'!X10 = "Critical"),"Needs Attention",IF(AND('Patient Health Records'!X10 <> "Critical", 'Patient Health Records'!W10 = "Yes"),"Monitor Later",IF(AND('Patient Health Records'!X10 ="Critical", 'Patient Health Records'!W10 = "No"), "Ask for Readmission","No Action"))) -> No Action | V10: {=_xlfn.IFS(AND(T10="High Priority",'Patient Health Records'!W10="Yes",'Patient Health Records'!X10 = "Critical"),"Needs Attention", AND('Patient Health Records'!X10 <> "Critical", 'Patient Health Records'!W10 = "Yes"),"Monitor Later", AND('Patient Health Records'!X10 ="Critical", 'Patient Health Records'!W10 = "No"), "Ask for Readmission", TRUE, "No Action")} -> No Action
A11: PID0010 | B11: Vivaan Patel | C11: Male | D11: 31-12-1994 | E11: =DATEVALUE(D11) -> 34699 | F11: =YEAR(E11) -> 1994 | G11: =$X$9-F11 -> 31 | H11: {=_xlfn.IFS( AND(G11>=21, G11<=30), "Young Adult", AND(G11>=31, G11<=45), "Adult", AND(G11>=46, G11<=60), "Middle-aged", AND(G11>=61, G11<=75), "Senior", AND(G11>=76, G11<=87), "Elderly", TRUE, "Out of Range" )} -> Adult | I11: 2 | J11: West Bengal | K11: East | L11: =VLOOKUP(J11,Facts!$A$2:$B$10,2,FALSE) -> East | M11: =HLOOKUP(J11,Facts!$D$13:$L$14,2,FALSE) -> East | N11: =_xlfn.XLOOKUP(L11,Facts!$B$2:$B$10,Facts!$A$2:$A$10,FALSE) -> West Bengal | O11: =TRIM(B11) -> Vivaan Patel | P11: {=_xlfn.TEXTSPLIT(O11," ")} -> Vivaan | Q11: Patel | S11: =CONCATENATE(A11,"_",P11,".pdf") -> PID0010_Vivaan.pdf | T11: =IF(AND(I11<5,'Billing Details'!F11>10000),"High Priority","Regular Followup") -> High Priority | U11: =IF(AND(T11="High Priority",'Patient Health Records'!W11="Yes",'Patient Health Records'!X11 = "Critical"),"Needs Attention",IF(AND('Patient Health Records'!X11 <> "Critical", 'Patient Health Records'!W11 = "Yes"),"Monitor Later",IF(AND('Patient Health Records'!X11 ="Critical", 'Patient Health Records'!W11 = "No"), "Ask for Readmission","No Action"))) -> Ask for Readmission | V11: {=_xlfn.IFS(AND(T11="High Priority",'Patient Health Records'!W11="Yes",'Patient Health Records'!X11 = "Critical"),"Needs Attention", AND('Patient Health Records'!X11 <> "Critical", 'Patient Health Records'!W11 = "Yes"),"Monitor Later", AND('Patient Health Records'!X11 ="Critical", 'Patient Health Records'!W11 = "No"), "Ask for Readmission", TRUE, "No Action")} -> Ask for Readmission | W11: List of Age Group | X11: Count
A12: PID0011 | B12: Aditya Gupta | C12: Male | D12: 01/01/1964 | E12: =DATEVALUE(D12) -> 23377 | F12: =YEAR(E12) -> 1964 | G12: =$X$9-F12 -> 61 | H12: {=_xlfn.IFS( AND(G12>=21, G12<=30), "Young Adult", AND(G12>=31, G12<=45), "Adult", AND(G12>=46, G12<=60), "Middle-aged", AND(G12>=61, G12<=75), "Senior", AND(G12>=76, G12<=87), "Elderly", TRUE, "Out of Range" )} -> Senior | I12: 3 | J12: Karnataka | K12: North | L12: =VLOOKUP(J12,Facts!$A$2:$B$10,2,FALSE) -> South | M12: =HLOOKUP(J12,Facts!$D$13:$L$14,2,FALSE) -> South | N12: =_xlfn.XLOOKUP(L12,Facts!$B$2:$B$10,Facts!$A$2:$A$10,FALSE) -> Tamil Nadu | O12: =TRIM(B12) -> Aditya Gupta | P12: {=_xlfn.TEXTSPLIT(O12," ")} -> Aditya | Q12: Gupta | S12: =CONCATENATE(A12,"_",P12,".pdf") -> PID0011_Aditya.pdf | T12: =IF(AND(I12<5,'Billing Details'!F12>10000),"High Priority","Regular Followup") -> High Priority | U12: =IF(AND(T12="High Priority",'Patient Health Records'!W12="Yes",'Patient Health Records'!X12 = "Critical"),"Needs Attention",IF(AND('Patient Health Records'!X12 <> "Critical", 'Patient Health Records'!W12 = "Yes"),"Monitor Later",IF(AND('Patient Health Records'!X12 ="Critical", 'Patient Health Records'!W12 = "No"), "Ask for Readmission","No Action"))) -> No Action | V12: {=_xlfn.IFS(AND(T12="High Priority",'Patient Health Records'!W12="Yes",'Patient Health Records'!X12 = "Critical"),"Needs Attention", AND('Patient Health Records'!X12 <> "Critical", 'Patient Health Records'!W12 = "Yes"),"Monitor Later", AND('Patient Health Records'!X12 ="Critical", 'Patient Health Records'!W12 = "No"), "Ask for Readmission", TRUE, "No Action")} -> No Action | W12: {=_xlfn.UNIQUE(H:H)} -> Age Group | X12: =COUNTIF(H:H,W12) -> 1
A13: PID0012 | B13: Aditya Sharma | C13: Male | D13: 01/01/1964 | E13: =DATEVALUE(D13) -> 23377 | F13: =YEAR(E13) -> 1964 | G13: =$X$9-F13 -> 61 | H13: {=_xlfn.IFS( AND(G13>=21, G13<=30), "Young Adult", AND(G13>=31, G13<=45), "Adult", AND(G13>=46, G13<=60), "Middle-aged", AND(G13>=61, G13<=75), "Senior", AND(G13>=76, G13<=87), "Elderly", TRUE, "Out of Range" )} -> Senior | I13: 15 | J13: Tamil Nadu | K13: South | L13: =VLOOKUP(J13,Facts!$A$2:$B$10,2,FALSE) -> South | M13: =HLOOKUP(J13,Facts!$D$13:$L$14,2,FALSE) -> South | N13: =_xlfn.XLOOKUP(L13,Facts!$B$2:$B$10,Facts!$A$2:$A$10,FALSE) -> Tamil Nadu | O13: =TRIM(B13) -> Aditya Sharma | P13: {=_xlfn.TEXTSPLIT(O13," ")} -> Aditya | Q13: Sharma | S13: =CONCATENATE(A13,"_",P13,".pdf") -> PID0012_Aditya.pdf | T13: =IF(AND(I13<5,'Billing Details'!F13>10000),"High Priority","Regular Followup") -> Regular Followup | U13: =IF(AND(T13="High Priority",'Patient Health Records'!W13="Yes",'Patient Health Records'!X13 = "Critical"),"Needs Attention",IF(AND('Patient Health Records'!X13 <> "Critical", 'Patient Health Records'!W13 = "Yes"),"Monitor Later",IF(AND('Patient Health Records'!X13 ="Critical", 'Patient Health Records'!W13 = "No"), "Ask for Readmission","No Action"))) -> Monitor Later | V13: {=_xlfn.IFS(AND(T13="High Priority",'Patient Health Records'!W13="Yes",'Patient Health Records'!X13 = "Critical"),"Needs Attention", AND('Patient Health Records'!X13 <> "Critical", 'Patient Health Records'!W13 = "Yes"),"Monitor Later", AND('Patient Health Records'!X13 ="Critical", 'Patient Health Records'!W13 = "No"), "Ask for Readmission", TRUE, "No Action")} -> Monitor Later | W13: Middle-aged | X13: =COUNTIF(H:H,W13) -> 351
A14: PID0013 | B14: Diya Kumar Sharma | C14: Female | D14: 31/12/1973 | E14: =DATEVALUE(D14) -> 27029 | F14: =YEAR(E14) -> 1973 | G14: =$X$9-F14 -> 52 | H14: {=_xlfn.IFS( AND(G14>=21, G14<=30), "Young Adult", AND(G14>=31, G14<=45), "Adult", AND(G14>=46, G14<=60), "Middle-aged", AND(G14>=61, G14<=75), "Senior", AND(G14>=76, G14<=87), "Elderly", TRUE, "Out of Range" )} -> Middle-aged | I14: 7 | J14: Kerala | K14: North | L14: =VLOOKUP(J14,Facts!$A$2:$B$10,2,FALSE) -> South | M14: =HLOOKUP(J14,Facts!$D$13:$L$14,2,FALSE) -> South | N14: =_xlfn.XLOOKUP(L14,Facts!$B$2:$B$10,Facts!$A$2:$A$10,FALSE) -> Tamil Nadu | O14: =TRIM(B14) -> Diya Kumar Sharma | P14: {=_xlfn.TEXTSPLIT(O14," ")} -> Diya | Q14: Kumar | R14: Sharma | S14: =CONCATENATE(A14,"_",P14,".pdf") -> PID0013_Diya.pdf | T14: =IF(AND(I14<5,'Billing Details'!F14>10000),"High Priority","Regular Followup") -> Regular Followup | U14: =IF(AND(T14="High Priority",'Patient Health Records'!W14="Yes",'Patient Health Records'!X14 = "Critical"),"Needs Attention",IF(AND('Patient Health Records'!X14 <> "Critical", 'Patient Health Records'!W14 = "Yes"),"Monitor Later",IF(AND('Patient Health Records'!X14 ="Critical", 'Patient Health Records'!W14 = "No"), "Ask for Readmission","No Action"))) -> Monitor Later | V14: {=_xlfn.IFS(AND(T14="High Priority",'Patient Health Records'!W14="Yes",'Patient Health Records'!X14 = "Critical"),"Needs Attention", AND('Patient Health Records'!X14 <> "Critical", 'Patient Health Records'!W14 = "Yes"),"Monitor Later", AND('Patient Health Records'!X14 ="Critical", 'Patient Health Records'!W14 = "No"), "Ask for Readmission", TRUE, "No Action")} -> Monitor Later | W14: Senior | X14: =COUNTIF(H:H,W14) -> 180
A15: PID0014 | B15: Aanya Raj Sharma | C15: Female | D15: 31/12/1981 | E15: =DATEVALUE(D15) -> 29951 | F15: =YEAR(E15) -> 1981 | G15: =$X$9-F15 -> 44 | H15: {=_xlfn.IFS( AND(G15>=21, G15<=30), "Young Adult", AND(G15>=31, G15<=45), "Adult", AND(G15>=46, G15<=60), "Middle-aged", AND(G15>=61, G15<=75), "Senior", AND(G15>=76, G15<=87), "Elderly", TRUE, "Out of Range" )} -> Adult | I15: 15 | J15: Kerala | K15: South | L15: =VLOOKUP(J15,Facts!$A$2:$B$10,2,FALSE) -> South | M15: =HLOOKUP(J15,Facts!$D$13:$L$14,2,FALSE) -> South | N15: =_xlfn.XLOOKUP(L15,Facts!$B$2:$B$10,Facts!$A$2:$A$10,FALSE) -> Tamil Nadu | O15: =TRIM(B15) -> Aanya Raj Sharma | P15: {=_xlfn.TEXTSPLIT(O15," ")} -> Aanya | Q15: Raj | R15: Sharma | S15: =CONCATENATE(A15,"_",P15,".pdf") -> PID0014_Aanya.pdf | T15: =IF(AND(I15<5,'Billing Details'!F15>10000),"High Priority","Regular Followup") -> Regular Followup | U15: =IF(AND(T15="High Priority",'Patient Health Records'!W15="Yes",'Patient Health Records'!X15 = "Critical"),"Needs Attention",IF(AND('Patient Health Records'!X15 <> "Critical", 'Patient Health Records'!W15 = "Yes"),"Monitor Later",IF(AND('Patient Health Records'!X15 ="Critical", 'Patient Health Records'!W15 = "No"), "Ask for Readmission","No Action"))) -> No Action | V15: {=_xlfn.IFS(AND(T15="High Priority",'Patient Health Records'!W15="Yes",'Patient Health Records'!X15 = "Critical"),"Needs Attention", AND('Patient Health Records'!X15 <> "Critical", 'Patient Health Records'!W15 = "Yes"),"Monitor Later", AND('Patient Health Records'!X15 ="Critical", 'Patient Health Records'!W15 = "No"), "Ask for Readmission", TRUE, "No Action")} -> No Action | W15: Adult | X15: =COUNTIF(H:H,W15) -> 426
A16: PID0015 | B16: Diya Priya Gupta | C16: Female | D16: 01/01/1964 | E16: =DATEVALUE(D16) -> 23377 | F16: =YEAR(E16) -> 1964 | G16: =$X$9-F16 -> 61 | H16: {=_xlfn.IFS( AND(G16>=21, G16<=30), "Young Adult", AND(G16>=31, G16<=45), "Adult", AND(G16>=46, G16<=60), "Middle-aged", AND(G16>=61, G16<=75), "Senior", AND(G16>=76, G16<=87), "Elderly", TRUE, "Out of Range" )} -> Senior | I16: 2 | J16: Uttar Pradesh | K16: North | L16: =VLOOKUP(J16,Facts!$A$2:$B$10,2,FALSE) -> North | M16: =HLOOKUP(J16,Facts!$D$13:$L$14,2,FALSE) -> North | N16: =_xlfn.XLOOKUP(L16,Facts!$B$2:$B$10,Facts!$A$2:$A$10,FALSE) -> Punjab | O16: =TRIM(B16) -> Diya Priya Gupta | P16: {=_xlfn.TEXTSPLIT(O16," ")} -> Diya | Q16: Priya | R16: Gupta | S16: =CONCATENATE(A16,"_",P16,".pdf") -> PID0015_Diya.pdf | T16: =IF(AND(I16<5,'Billing Details'!F16>10000),"High Priority","Regular Followup") -> High Priority | U16: =IF(AND(T16="High Priority",'Patient Health Records'!W16="Yes",'Patient Health Records'!X16 = "Critical"),"Needs Attention",IF(AND('Patient Health Records'!X16 <> "Critical", 'Patient Health Records'!W16 = "Yes"),"Monitor Later",IF(AND('Patient Health Records'!X16 ="Critical", 'Patient Health Records'!W16 = "No"), "Ask for Readmission","No Action"))) -> Ask for Readmission | V16: {=_xlfn.IFS(AND(T16="High Priority",'Patient Health Records'!W16="Yes",'Patient Health Records'!X16 = "Critical"),"Needs Attention", AND('Patient Health Records'!X16 <> "Critical", 'Patient Health Records'!W16 = "Yes"),"Monitor Later", AND('Patient Health Records'!X16 ="Critical", 'Patient Health Records'!W16 = "No"), "Ask for Readmission", TRUE, "No Action")} -> Ask for Readmission | W16: Elderly | X16: =COUNTIF(H:H,W16) -> 11
A17: PID0016 | B17: Isha Kumar Mehta | C17: Female | D17: 31/12/1994 | E17: =DATEVALUE(D17) -> 34699 | F17: =YEAR(E17) -> 1994 | G17: =$X$9-F17 -> 31 | H17: {=_xlfn.IFS( AND(G17>=21, G17<=30), "Young Adult", AND(G17>=31, G17<=45), "Adult", AND(G17>=46, G17<=60), "Middle-aged", AND(G17>=61, G17<=75), "Senior", AND(G17>=76, G17<=87), "Elderly", TRUE, "Out of Range" )} -> Adult | I17: 15 | J17: Gujarat | K17: South | L17: =VLOOKUP(J17,Facts!$A$2:$B$10,2,FALSE) -> West | M17: =HLOOKUP(J17,Facts!$D$13:$L$14,2,FALSE) -> West | N17: =_xlfn.XLOOKUP(L17,Facts!$B$2:$B$10,Facts!$A$2:$A$10,FALSE) -> Maharashtra | O17: =TRIM(B17) -> Isha Kumar Mehta | P17: {=_xlfn.TEXTSPLIT(O17," ")} -> Isha | Q17: Kumar | R17: Mehta | S17: =CONCATENATE(A17,"_",P17,".pdf") -> PID0016_Isha.pdf | T17: =IF(AND(I17<5,'Billing Details'!F17>10000),"High Priority","Regular Followup") -> Regular Followup | U17: =IF(AND(T17="High Priority",'Patient Health Records'!W17="Yes",'Patient Health Records'!X17 = "Critical"),"Needs Attention",IF(AND('Patient Health Records'!X17 <> "Critical", 'Patient Health Records'!W17 = "Yes"),"Monitor Later",IF(AND('Patient Health Records'!X17 ="Critical", 'Patient Health Records'!W17 = "No"), "Ask for Readmission","No Action"))) -> Monitor Later | V17: {=_xlfn.IFS(AND(T17="High Priority",'Patient Health Records'!W17="Yes",'Patient Health Records'!X17 = "Critical"),"Needs Attention", AND('Patient Health Records'!X17 <> "Critical", 'Patient Health Records'!W17 = "Yes"),"Monitor Later", AND('Patient Health Records'!X17 ="Critical", 'Patient Health Records'!W17 = "No"), "Ask for Readmission", TRUE, "No Action")} -> Monitor Later | W17: Young Adult | X17: =COUNTIF(H:H,W17) -> 32
A18: PID0017 | B18: Aditya Patel | C18: Male | D18: 01/01/1984 | E18: =DATEVALUE(D18) -> 30682 | F18: =YEAR(E18) -> 1984 | G18: =$X$9-F18 -> 41 | H18: {=_xlfn.IFS( AND(G18>=21, G18<=30), "Young Adult", AND(G18>=31, G18<=45), "Adult", AND(G18>=46, G18<=60), "Middle-aged", AND(G18>=61, G18<=75), "Senior", AND(G18>=76, G18<=87), "Elderly", TRUE, "Out of Range" )} -> Adult | I18: 7 | J18: Kerala | K18: South | L18: =VLOOKUP(J18,Facts!$A$2:$B$10,2,FALSE) -> South | M18: =HLOOKUP(J18,Facts!$D$13:$L$14,2,FALSE) -> South | N18: =_xlfn.XLOOKUP(L18,Facts!$B$2:$B$10,Facts!$A$2:$A$10,FALSE) -> Tamil Nadu | O18: =TRIM(B18) -> Aditya Patel | P18: {=_xlfn.TEXTSPLIT(O18," ")} -> Aditya | Q18: Patel | S18: =CONCATENATE(A18,"_",P18,".pdf") -> PID0017_Aditya.pdf | T18: =IF(AND(I18<5,'Billing Details'!F18>10000),"High Priority","Regular Followup") -> Regular Followup | U18: =IF(AND(T18="High Priority",'Patient Health Records'!W18="Yes",'Patient Health Records'!X18 = "Critical"),"Needs Attention",IF(AND('Patient Health Records'!X18 <> "Critical", 'Patient Health Records'!W18 = "Yes"),"Monitor Later",IF(AND('Patient Health Records'!X18 ="Critical", 'Patient Health Records'!W18 = "No"), "Ask for Readmission","No Action"))) -> No Action | V18: {=_xlfn.IFS(AND(T18="High Priority",'Patient Health Records'!W18="Yes",'Patient Health Records'!X18 = "Critical"),"Needs Attention", AND('Patient Health Records'!X18 <> "Critical", 'Patient Health Records'!W18 = "Yes"),"Monitor Later", AND('Patient Health Records'!X18 ="Critical", 'Patient Health Records'!W18 = "No"), "Ask for Readmission", TRUE, "No Action")} -> No Action | W18: 0
A19: PID0018 | B19: Riya Kumar Gupta | C19: Female | D19: 31/12/1968 | E19: =DATEVALUE(D19) -> 25203 | F19: =YEAR(E19) -> 1968 | G19: =$X$9-F19 -> 57 | H19: {=_xlfn.IFS( AND(G19>=21, G19<=30), "Young Adult", AND(G19>=31, G19<=45), "Adult", AND(G19>=46, G19<=60), "Middle-aged", AND(G19>=61, G19<=75), "Senior", AND(G19>=76, G19<=87), "Elderly", TRUE, "Out of Range" )} -> Middle-aged | I19: 3 | J19: Karnataka | K19: East | L19: =VLOOKUP(J19,Facts!$A$2:$B$10,2,FALSE) -> South | M19: =HLOOKUP(J19,Facts!$D$13:$L$14,2,FALSE) -> South | N19: =_xlfn.XLOOKUP(L19,Facts!$B$2:$B$10,Facts!$A$2:$A$10,FALSE) -> Tamil Nadu | O19: =TRIM(B19) -> Riya Kumar Gupta | P19: {=_xlfn.TEXTSPLIT(O19," ")} -> Riya | Q19: Kumar | R19: Gupta | S19: =CONCATENATE(A19,"_",P19,".pdf") -> PID0018_Riya.pdf | T19: =IF(AND(I19<5,'Billing Details'!F19>10000),"High Priority","Regular Followup") -> High Priority | U19: =IF(AND(T19="High Priority",'Patient Health Records'!W19="Yes",'Patient Health Records'!X19 = "Critical"),"Needs Attention",IF(AND('Patient Health Records'!X19 <> "Critical", 'Patient Health Records'!W19 = "Yes"),"Monitor Later",IF(AND('Patient Health Records'!X19 ="Critical", 'Patient Health Records'!W19 = "No"), "Ask for Readmission","No Action"))) -> Ask for Readmission | V19: {=_xlfn.IFS(AND(T19="High Priority",'Patient Health Records'!W19="Yes",'Patient Health Records'!X19 = "Critical"),"Needs Attention", AND('Patient Health Records'!X19 <> "Critical", 'Patient Health Records'!W19 = "Yes"),"Monitor Later", AND('Patient Health Records'!X19 ="Critical", 'Patient Health Records'!W19 = "No"), "Ask for Readmission", TRUE, "No Action")} -> Ask for Readmission | W19: =MAX(X12:X17) -> 426 | X19: Adult
A20: PID0019 | B20: Shreya Sharma | C20: Female | D20: 31/12/1981 | E20: =DATEVALUE(D20) -> 29951 | F20: =YEAR(E20) -> 1981 | G20: =$X$9-F20 -> 44 | H20: {=_xlfn.IFS( AND(G20>=21, G20<=30), "Young Adult", AND(G20>=31, G20<=45), "Adult", AND(G20>=46, G20<=60), "Middle-aged", AND(G20>=61, G20<=75), "Senior", AND(G20>=76, G20<=87), "Elderly", TRUE, "Out of Range" )} -> Adult | I20: 4 | J20: Karnataka | K20: South | L20: =VLOOKUP(J20,Facts!$A$2:$B$10,2,FALSE) -> South | M20: =HLOOKUP(J20,Facts!$D$13:$L$14,2,FALSE) -> South | N20: =_xlfn.XLOOKUP(L20,Facts!$B$2:$B$10,Facts!$A$2:$A$10,FALSE) -> Tamil Nadu | O20: =TRIM(B20) -> Shreya Sharma | P20: {=_xlfn.TEXTSPLIT(O20," ")} -> Shreya | Q20: Sharma | S20: =CONCATENATE(A20,"_",P20,".pdf") -> PID0019_Shreya.pdf | T20: =IF(AND(I20<5,'Billing Details'!F20>10000),"High Priority","Regular Followup") -> High Priority | U20: =IF(AND(T20="High Priority",'Patient Health Records'!W20="Yes",'Patient Health Records'!X20 = "Critical"),"Needs Attention",IF(AND('Patient Health Records'!X20 <> "Critical", 'Patient Health Records'!W20 = "Yes"),"Monitor Later",IF(AND('Patient Health Records'!X20 ="Critical", 'Patient Health Records'!W20 = "No"), "Ask for Readmission","No Action"))) -> No Action | V20: {=_xlfn.IFS(AND(T20="High Priority",'Patient Health Records'!W20="Yes",'Patient Health Records'!X20 = "Critical"),"Needs Attention", AND('Patient Health Records'!X20 <> "Critical", 'Patient Health Records'!W20 = "Yes"),"Monitor Later", AND('Patient Health Records'!X20 ="Critical", 'Patient Health Records'!W20 = "No"), "Ask for Readmission", TRUE, "No Action")} -> No Action
A21: PID0020 | B21: Krishna Patel | C21: Male | D21: 31-12-1968 | E21: =DATEVALUE(D21) -> 25203 | F21: =YEAR(E21) -> 1968 | G21: =$X$9-F21 -> 57 | H21: {=_xlfn.IFS( AND(G21>=21, G21<=30), "Young Adult", AND(G21>=31, G21<=45), "Adult", AND(G21>=46, G21<=60), "Middle-aged", AND(G21>=61, G21<=75), "Senior", AND(G21>=76, G21<=87), "Elderly", TRUE, "Out of Range" )} -> Middle-aged | I21: 15 | J21: Maharashtra | K21: West | L21: =VLOOKUP(J21,Facts!$A$2:$B$10,2,FALSE) -> West | M21: =HLOOKUP(J21,Facts!$D$13:$L$14,2,FALSE) -> West | N21: =_xlfn.XLOOKUP(L21,Facts!$B$2:$B$10,Facts!$A$2:$A$10,FALSE) -> Maharashtra | O21: =TRIM(B21) -> Krishna Patel | P21: {=_xlfn.TEXTSPLIT(O21," ")} -> Krishna | Q21: Patel | S21: =CONCATENATE(A21,"_",P21,".pdf") -> PID0020_Krishna.pdf | T21: =IF(AND(I21<5,'Billing Details'!F21>10000),"High Priority","Regular Followup") -> Regular Followup | U21: =IF(AND(T21="High Priority",'Patient Health Records'!W21="Yes",'Patient Health Records'!X21 = "Critical"),"Needs Attention",IF(AND('Patient Health Records'!X21 <> "Critical", 'Patient Health Records'!W21 = "Yes"),"Monitor Later",IF(AND('Patient Health Records'!X21 ="Critical", 'Patient Health Records'!W21 = "No"), "Ask for Readmission","No Action"))) -> No Action | V21: {=_xlfn.IFS(AND(T21="High Priority",'Patient Health Records'!W21="Yes",'Patient Health Records'!X21 = "Critical"),"Needs Attention", AND('Patient Health Records'!X21 <> "Critical", 'Patient Health Records'!W21 = "Yes"),"Monitor Later", AND('Patient Health Records'!X21 ="Critical", 'Patient Health Records'!W21 = "No"), "Ask for Readmission", TRUE, "No Action")} -> No Action
A22: PID0021 | B22: Aanya Reddy | C22: Female | D22: 31/12/1980 | E22: =DATEVALUE(D22) -> 29586 | F22: =YEAR(E22) -> 1980 | G22: =$X$9-F22 -> 45 | H22: {=_xlfn.IFS( AND(G22>=21, G22<=30), "Young Adult", AND(G22>=31, G22<=45), "Adult", AND(G22>=46, G22<=60), "Middle-aged", AND(G22>=61, G22<=75), "Senior", AND(G22>=76, G22<=87), "Elderly", TRUE, "Out of Range" )} -> Adult | I22: 30 | J22: Punjab | K22: North | L22: =VLOOKUP(J22,Facts!$A$2:$B$10,2,FALSE) -> North | M22: =HLOOKUP(J22,Facts!$D$13:$L$14,2,FALSE) -> North | N22: =_xlfn.XLOOKUP(L22,Facts!$B$2:$B$10,Facts!$A$2:$A$10,FALSE) -> Punjab | O22: =TRIM(B22) -> Aanya Reddy | P22: {=_xlfn.TEXTSPLIT(O22," ")} -> Aanya | Q22: Reddy | S22: =CONCATENATE(A22,"_",P22,".pdf") -> PID0021_Aanya.pdf | T22: =IF(AND(I22<5,'Billing Details'!F22>10000),"High Priority","Regular Followup") -> Regular Followup | U22: =IF(AND(T22="High Priority",'Patient Health Records'!W22="Yes",'Patient Health Records'!X22 = "Critical"),"Needs Attention",IF(AND('Patient Health Records'!X22 <> "Critical", 'Patient Health Records'!W22 = "Yes"),"Monitor Later",IF(AND('Patient Health Records'!X22 ="Critical", 'Patient Health Records'!W22 = "No"), "Ask for Readmission","No Action"))) -> No Action | V22: {=_xlfn.IFS(AND(T22="High Priority",'Patient Health Records'!W22="Yes",'Patient Health Records'!X22 = "Critical"),"Needs Attention", AND('Patient Health Records'!X22 <> "Critical", 'Patient Health Records'!W22 = "Yes"),"Monitor Later", AND('Patient Health Records'!X22 ="Critical", 'Patient Health Records'!W22 = "No"), "Ask for Readmission", TRUE, "No Action")} -> No Action
A23: PID0022 | B23: Diya Reddy | C23: Female | D23: 31/12/1978 | E23: =DATEVALUE(D23) -> 28855 | F23: =YEAR(E23) -> 1978 | G23: =$X$9-F23 -> 47 | H23: {=_xlfn.IFS( AND(G23>=21, G23<=30), "Young Adult", AND(G23>=31, G23<=45), "Adult", AND(G23>=46, G23<=60), "Middle-aged", AND(G23>=61, G23<=75), "Senior", AND(G23>=76, G23<=87), "Elderly", TRUE, "Out of Range" )} -> Middle-aged | I23: 2 | J23: Karnataka | K23: South | L23: =VLOOKUP(J23,Facts!$A$2:$B$10,2,FALSE) -> South | M23: =HLOOKUP(J23,Facts!$D$13:$L$14,2,FALSE) -> South | N23: =_xlfn.XLOOKUP(L23,Facts!$B$2:$B$10,Facts!$A$2:$A$10,FALSE) -> Tamil Nadu | O23: =TRIM(B23) -> Diya Reddy | P23: {=_xlfn.TEXTSPLIT(O23," ")} -> Diya | Q23: Reddy | S23: =CONCATENATE(A23,"_",P23,".pdf") -> PID0022_Diya.pdf | T23: =IF(AND(I23<5,'Billing Details'!F23>10000),"High Priority","Regular Followup") -> High Priority | U23: =IF(AND(T23="High Priority",'Patient Health Records'!W23="Yes",'Patient Health Records'!X23 = "Critical"),"Needs Attention",IF(AND('Patient Health Records'!X23 <> "Critical", 'Patient Health Records'!W23 = "Yes"),"Monitor Later",IF(AND('Patient Health Records'!X23 ="Critical", 'Patient Health Records'!W23 = "No"), "Ask for Readmission","No Action"))) -> Monitor Later | V23: {=_xlfn.IFS(AND(T23="High Priority",'Patient Health Records'!W23="Yes",'Patient Health Records'!X23 = "Critical"),"Needs Attention", AND('Patient Health Records'!X23 <> "Critical", 'Patient Health Records'!W23 = "Yes"),"Monitor Later", AND('Patient Health Records'!X23 ="Critical", 'Patient Health Records'!W23 = "No"), "Ask for Readmission", TRUE, "No Action")} -> Monitor Later
A24: PID0023 | B24: Vivaan Dev Sharma | C24: Male | D24: 31/12/1968 | E24: =DATEVALUE(D24) -> 25203 | F24: =YEAR(E24) -> 1968 | G24: =$X$9-F24 -> 57 | H24: {=_xlfn.IFS( AND(G24>=21, G24<=30), "Young Adult", AND(G24>=31, G24<=45), "Adult", AND(G24>=46, G24<=60), "Middle-aged", AND(G24>=61, G24<=75), "Senior", AND(G24>=76, G24<=87), "Elderly", TRUE, "Out of Range" )} -> Middle-aged | I24: 40 | J24: Karnataka | K24: South | L24: =VLOOKUP(J24,Facts!$A$2:$B$10,2,FALSE) -> South | M24: =HLOOKUP(J24,Facts!$D$13:$L$14,2,FALSE) -> South | N24: =_xlfn.XLOOKUP(L24,Facts!$B$2:$B$10,Facts!$A$2:$A$10,FALSE) -> Tamil Nadu | O24: =TRIM(B24) -> Vivaan Dev Sharma | P24: {=_xlfn.TEXTSPLIT(O24," ")} -> Vivaan | Q24: Dev | R24: Sharma | S24: =CONCATENATE(A24,"_",P24,".pdf") -> PID0023_Vivaan.pdf | T24: =IF(AND(I24<5,'Billing Details'!F24>10000),"High Priority","Regular Followup") -> Regular Followup | U24: =IF(AND(T24="High Priority",'Patient Health Records'!W24="Yes",'Patient Health Records'!X24 = "Critical"),"Needs Attention",IF(AND('Patient Health Records'!X24 <> "Critical", 'Patient Health Records'!W24 = "Yes"),"Monitor Later",IF(AND('Patient Health Records'!X24 ="Critical", 'Patient Health Records'!W24 = "No"), "Ask for Readmission","No Action"))) -> No Action | V24: {=_xlfn.IFS(AND(T24="High Priority",'Patient Health Records'!W24="Yes",'Patient Health Records'!X24 = "Critical"),"Needs Attention", AND('Patient Health Records'!X24 <> "Critical", 'Patient Health Records'!W24 = "Yes"),"Monitor Later", AND('Patient Health Records'!X24 ="Critical", 'Patient Health Records'!W24 = "No"), "Ask for Readmission", TRUE, "No Action")} -> No Action
A25: PID0024 | B25: Aarav Mehta | C25: Male | D25: 01/01/1964 | E25: =DATEVALUE(D25) -> 23377 | F25: =YEAR(E25) -> 1964 | G25: =$X$9-F25 -> 61 | H25: {=_xlfn.IFS( AND(G25>=21, G25<=30), "Young Adult", AND(G25>=31, G25<=45), "Adult", AND(G25>=46, G25<=60), "Middle-aged", AND(G25>=61, G25<=75), "Senior", AND(G25>=76, G25<=87), "Elderly", TRUE, "Out of Range" )} -> Senior | I25: 15 | J25: Maharashtra | K25: North | L25: =VLOOKUP(J25,Facts!$A$2:$B$10,2,FALSE) -> West | M25: =HLOOKUP(J25,Facts!$D$13:$L$14,2,FALSE) -> West | N25: =_xlfn.XLOOKUP(L25,Facts!$B$2:$B$10,Facts!$A$2:$A$10,FALSE) -> Maharashtra | O25: =TRIM(B25) -> Aarav Mehta | P25: {=_xlfn.TEXTSPLIT(O25," ")} -> Aarav | Q25: Mehta | S25: =CONCATENATE(A25,"_",P25,".pdf") -> PID0024_Aarav.pdf | T25: =IF(AND(I25<5,'Billing Details'!F25>10000),"High Priority","Regular Followup") -> Regular Followup | U25: =IF(AND(T25="High Priority",'Patient Health Records'!W25="Yes",'Patient Health Records'!X25 = "Critical"),"Needs Attention",IF(AND('Patient Health Records'!X25 <> "Critical", 'Patient Health Records'!W25 = "Yes"),"Monitor Later",IF(AND('Patient Health Records'!X25 ="Critical", 'Patient Health Records'!W25 = "No"), "Ask for Readmission","No Action"))) -> No Action | V25: {=_xlfn.IFS(AND(T25="High Priority",'Patient Health Records'!W25="Yes",'Patient Health Records'!X25 = "Critical"),"Needs Attention", AND('Patient Health Records'!X25 <> "Critical", 'Patient Health Records'!W25 = "Yes"),"Monitor Later", AND('Patient Health Records'!X25 ="Critical", 'Patient Health Records'!W25 = "No"), "Ask for Readmission", TRUE, "No Action")} -> No Action
A26: PID0025 | B26: Vivaan Kumar Patel | C26: Male | D26: 31/12/1988 | E26: =DATEVALUE(D26) -> 32508 | F26: =YEAR(E26) -> 1988 | G26: =$X$9-F26 -> 37 | H26: {=_xlfn.IFS( AND(G26>=21, G26<=30), "Young Adult", AND(G26>=31, G26<=45), "Adult", AND(G26>=46, G26<=60), "Middle-aged", AND(G26>=61, G26<=75), "Senior", AND(G26>=76, G26<=87), "Elderly", TRUE, "Out of Range" )} -> Adult | I26: 12 | J26: Maharashtra | K26: North | L26: =VLOOKUP(J26,Facts!$A$2:$B$10,2,FALSE) -> West | M26: =HLOOKUP(J26,Facts!$D$13:$L$14,2,FALSE) -> West | N26: =_xlfn.XLOOKUP(L26,Facts!$B$2:$B$10,Facts!$A$2:$A$10,FALSE) -> Maharashtra | O26: =TRIM(B26) -> Vivaan Kumar Patel | P26: {=_xlfn.TEXTSPLIT(O26," ")} -> Vivaan | Q26: Kumar | R26: Patel | S26: =CONCATENATE(A26,"_",P26,".pdf") -> PID0025_Vivaan.pdf | T26: =IF(AND(I26<5,'Billing Details'!F26>10000),"High Priority","Regular Followup") -> Regular Followup | U26: =IF(AND(T26="High Priority",'Patient Health Records'!W26="Yes",'Patient Health Records'!X26 = "Critical"),"Needs Attention",IF(AND('Patient Health Records'!X26 <> "Critical", 'Patient Health Records'!W26 = "Yes"),"Monitor Later",IF(AND('Patient Health Records'!X26 ="Critical", 'Patient Health Records'!W26 = "No"), "Ask for Readmission","No Action"))) -> Monitor Later | V26: {=_xlfn.IFS(AND(T26="High Priority",'Patient Health Records'!W26="Yes",'Patient Health Records'!X26 = "Critical"),"Needs Attention", AND('Patient Health Records'!X26 <> "Critical", 'Patient Health Records'!W26 = "Yes"),"Monitor Later", AND('Patient Health Records'!X26 ="Critical", 'Patient Health Records'!W26 = "No"), "Ask for Readmission", TRUE, "No Action")} -> Monitor Later
A27: PID0026 | B27: Aanya Priya Reddy | C27: Female | D27: 31/12/1968 | E27: =DATEVALUE(D27) -> 25203 | F27: =YEAR(E27) -> 1968 | G27: =$X$9-F27 -> 57 | H27: {=_xlfn.IFS( AND(G27>=21, G27<=30), "Young Adult", AND(G27>=31, G27<=45), "Adult", AND(G27>=46, G27<=60), "Middle-aged", AND(G27>=61, G27<=75), "Senior", AND(G27>=76, G27<=87), "Elderly", TRUE, "Out of Range" )} -> Middle-aged | I27: 2 | J27: Uttar Pradesh | K27: North | L27: =VLOOKUP(J27,Facts!$A$2:$B$10,2,FALSE) -> North | M27: =HLOOKUP(J27,Facts!$D$13:$L$14,2,FALSE) -> North | N27: =_xlfn.XLOOKUP(L27,Facts!$B$2:$B$10,Facts!$A$2:$A$10,FALSE) -> Punjab | O27: =TRIM(B27) -> Aanya Priya Reddy | P27: {=_xlfn.TEXTSPLIT(O27," ")} -> Aanya | Q27: Priya | R27: Reddy | S27: =CONCATENATE(A27,"_",P27,".pdf") -> PID0026_Aanya.pdf | T27: =IF(AND(I27<5,'Billing Details'!F27>10000),"High Priority","Regular Followup") -> High Priority | U27: =IF(AND(T27="High Priority",'Patient Health Records'!W27="Yes",'Patient Health Records'!X27 = "Critical"),"Needs Attention",IF(AND('Patient Health Records'!X27 <> "Critical", 'Patient Health Records'!W27 = "Yes"),"Monitor Later",IF(AND('Patient Health Records'!X27 ="Critical", 'Patient Health Records'!W27 = "No"), "Ask for Readmission","No Action"))) -> No Action | V27: {=_xlfn.IFS(AND(T27="High Priority",'Patient Health Records'!W27="Yes",'Patient Health Records'!X27 = "Critical"),"Needs Attention", AND('Patient Health Records'!X27 <> "Critical", 'Patient Health Records'!W27 = "Yes"),"Monitor Later", AND('Patient Health Records'!X27 ="Critical", 'Patient Health Records'!W27 = "No"), "Ask for Readmission", TRUE, "No Action")} -> No Action
A28: PID0027 | B28: Riya Mehta | C28: Female | D28: 31-12-1978 | E28: =DATEVALUE(D28) -> 28855 | F28: =YEAR(E28) -> 1978 | G28: =$X$9-F28 -> 47 | H28: {=_xlfn.IFS( AND(G28>=21, G28<=30), "Young Adult", AND(G28>=31, G28<=45), "Adult", AND(G28>=46, G28<=60), "Middle-aged", AND(G28>=61, G28<=75), "Senior", AND(G28>=76, G28<=87), "Elderly", TRUE, "Out of Range" )} -> Middle-aged | J28: Gujarat | K28: East | L28: =VLOOKUP(J28,Facts!$A$2:$B$10,2,FALSE) -> West | M28: =HLOOKUP(J28,Facts!$D$13:$L$14,2,FALSE) -> West | N28: =_xlfn.XLOOKUP(L28,Facts!$B$2:$B$10,Facts!$A$2:$A$10,FALSE) -> Maharashtra | O28: =TRIM(B28) -> Riya Mehta | P28: {=_xlfn.TEXTSPLIT(O28," ")} -> Riya | Q28: Mehta | S28: =CONCATENATE(A28,"_",P28,".pdf") -> PID0027_Riya.pdf | T28: =IF(AND(I28<5,'Billing Details'!F28>10000),"High Priority","Regular Followup") -> High Priority | U28: =IF(AND(T28="High Priority",'Patient Health Records'!W28="Yes",'Patient Health Records'!X28 = "Critical"),"Needs Attention",IF(AND('Patient Health Records'!X28 <> "Critical", 'Patient Health Records'!W28 = "Yes"),"Monitor Later",IF(AND('Patient Health Records'!X28 ="Critical", 'Patient Health Records'!W28 = "No"), "Ask for Readmission","No Action"))) -> Needs Attention | V28: {=_xlfn.IFS(AND(T28="High Priority",'Patient Health Records'!W28="Yes",'Patient Health Records'!X28 = "Critical"),"Needs Attention", AND('Patient Health Records'!X28 <> "Critical", 'Patient Health Records'!W28 = "Yes"),"Monitor Later", AND('Patient Health Records'!X28 ="Critical", 'Patient Health Records'!W28 = "No"), "Ask for Readmission", TRUE, "No Action")} -> Needs Attention
A29: PID0028 | B29: Aarav Sharma | C29: Male | D29: 31/12/1993 | E29: =DATEVALUE(D29) -> 34334 | F29: =YEAR(E29) -> 1993 | G29: =$X$9-F29 -> 32 | H29: {=_xlfn.IFS( AND(G29>=21, G29<=30), "Young Adult", AND(G29>=31, G29<=45), "Adult", AND(G29>=46, G29<=60), "Middle-aged", AND(G29>=61, G29<=75), "Senior", AND(G29>=76, G29<=87), "Elderly", TRUE, "Out of Range" )} -> Adult | I29: 25 | J29: Karnataka | K29: West | L29: =VLOOKUP(J29,Facts!$A$2:$B$10,2,FALSE) -> South | M29: =HLOOKUP(J29,Facts!$D$13:$L$14,2,FALSE) -> South | N29: =_xlfn.XLOOKUP(L29,Facts!$B$2:$B$10,Facts!$A$2:$A$10,FALSE) -> Tamil Nadu | O29: =TRIM(B29) -> Aarav Sharma | P29: {=_xlfn.TEXTSPLIT(O29," ")} -> Aarav | Q29: Sharma | S29: =CONCATENATE(A29,"_",P29,".pdf") -> PID0028_Aarav.pdf | T29: =IF(AND(I29<5,'Billing Details'!F29>10000),"High Priority","Regular Followup") -> Regular Followup | U29: =IF(AND(T29="High Priority",'Patient Health Records'!W29="Yes",'Patient Health Records'!X29 = "Critical"),"Needs Attention",IF(AND('Patient Health Records'!X29 <> "Critical", 'Patient Health Records'!W29 = "Yes"),"Monitor Later",IF(AND('Patient Health Records'!X29 ="Critical", 'Patient Health Records'!W29 = "No"), "Ask for Readmission","No Action"))) -> Monitor Later | V29: {=_xlfn.IFS(AND(T29="High Priority",'Patient Health Records'!W29="Yes",'Patient Health Records'!X29 = "Critical"),"Needs Attention", AND('Patient Health Records'!X29 <> "Critical", 'Patient Health Records'!W29 = "Yes"),"Monitor Later", AND('Patient Health Records'!X29 ="Critical", 'Patient Health Records'!W29 = "No"), "Ask for Readmission", TRUE, "No Action")} -> Monitor Later
A30: PID0029 | B30: Krishna Sharma | C30: Male | D30: 31/12/1988 | E30: =DATEVALUE(D30) -> 32508 | F30: =YEAR(E30) -> 1988 | G30: =$X$9-F30 -> 37 | H30: {=_xlfn.IFS( AND(G30>=21, G30<=30), "Young Adult", AND(G30>=31, G30<=45), "Adult", AND(G30>=46, G30<=60), "Middle-aged", AND(G30>=61, G30<=75), "Senior", AND(G30>=76, G30<=87), "Elderly", TRUE, "Out of Range" )} -> Adult | I30: 2 | J30: Uttar Pradesh | K30: West | L30: =VLOOKUP(J30,Facts!$A$2:$B$10,2,FALSE) -> North | M30: =HLOOKUP(J30,Facts!$D$13:$L$14,2,FALSE) -> North | N30: =_xlfn.XLOOKUP(L30,Facts!$B$2:$B$10,Facts!$A$2:$A$10,FALSE) -> Punjab | O30: =TRIM(B30) -> Krishna Sharma | P30: {=_xlfn.TEXTSPLIT(O30," ")} -> Krishna | Q30: Sharma | S30: =CONCATENATE(A30,"_",P30,".pdf") -> PID0029_Krishna.pdf | T30: =IF(AND(I30<5,'Billing Details'!F30>10000),"High Priority","Regular Followup") -> High Priority | U30: =IF(AND(T30="High Priority",'Patient Health Records'!W30="Yes",'Patient Health Records'!X30 = "Critical"),"Needs Attention",IF(AND('Patient Health Records'!X30 <> "Critical", 'Patient Health Records'!W30 = "Yes"),"Monitor Later",IF(AND('Patient Health Records'!X30 ="Critical", 'Patient Health Records'!W30 = "No"), "Ask for Readmission","No Action"))) -> Monitor Later | V30: {=_xlfn.IFS(AND(T30="High Priority",'Patient Health Records'!W30="Yes",'Patient Health Records'!X30 = "Critical"),"Needs Attention", AND('Patient Health Records'!X30 <> "Critical", 'Patient Health Records'!W30 = "Yes"),"Monitor Later", AND('Patient Health Records'!X30 ="Critical", 'Patient Health Records'!W30 = "No"), "Ask for Readmission", TRUE, "No Action")} -> Monitor Later
A31: PID0030 | B31: Aanya Priya Reddy | C31: Female | D31: 31/12/1998 | E31: =DATEVALUE(D31) -> 36160 | F31: =YEAR(E31) -> 1998 | G31: =$X$9-F31 -> 27 | H31: {=_xlfn.IFS( AND(G31>=21, G31<=30), "Young Adult", AND(G31>=31, G31<=45), "Adult", AND(G31>=46, G31<=60), "Middle-aged", AND(G31>=61, G31<=75), "Senior", AND(G31>=76, G31<=87), "Elderly", TRUE, "Out of Range" )} -> Young Adult | I31: 30 | J31: Uttar Pradesh | K31: East | L31: =VLOOKUP(J31,Facts!$A$2:$B$10,2,FALSE) -> North | M31: =HLOOKUP(J31,Facts!$D$13:$L$14,2,FALSE) -> North | N31: =_xlfn.XLOOKUP(L31,Facts!$B$2:$B$10,Facts!$A$2:$A$10,FALSE) -> Punjab | O31: =TRIM(B31) -> Aanya Priya Reddy | P31: {=_xlfn.TEXTSPLIT(O31," ")} -> Aanya | Q31: Priya | R31: Reddy | S31: =CONCATENATE(A31,"_",P31,".pdf") -> PID0030_Aanya.pdf | T31: =IF(AND(I31<5,'Billing Details'!F31>10000),"High Priority","Regular Followup") -> Regular Followup | U31: =IF(AND(T31="High Priority",'Patient Health Records'!W31="Yes",'Patient Health Records'!X31 = "Critical"),"Needs Attention",IF(AND('Patient Health Records'!X31 <> "Critical", 'Patient Health Records'!W31 = "Yes"),"Monitor Later",IF(AND('Patient Health Records'!X31 ="Critical", 'Patient Health Records'!W31 = "No"), "Ask for Readmission","No Action"))) -> No Action | V31: {=_xlfn.IFS(AND(T31="High Priority",'Patient Health Records'!W31="Yes",'Patient Health Records'!X31 = "Critical"),"Needs Attention", AND('Patient Health Records'!X31 <> "Critical", 'Patient Health Records'!W31 = "Yes"),"Monitor Later", AND('Patient Health Records'!X31 ="Critical", 'Patient Health Records'!W31 = "No"), "Ask for Readmission", TRUE, "No Action")} -> No Action
A32: PID0031 | B32: Shreya Sharma | C32: Female | D32: 31/12/1981 | E32: =DATEVALUE(D32) -> 29951 | F32: =YEAR(E32) -> 1981 | G32: =$X$9-F32 -> 44 | H32: {=_xlfn.IFS( AND(G32>=21, G32<=30), "Young Adult", AND(G32>=31, G32<=45), "Adult", AND(G32>=46, G32<=60), "Middle-aged", AND(G32>=61, G32<=75), "Senior", AND(G32>=76, G32<=87), "Elderly", TRUE, "Out of Range" )} -> Adult | I32: 1 | J32: Uttar Pradesh | K32: North | L32: =VLOOKUP(J32,Facts!$A$2:$B$10,2,FALSE) -> North | M32: =HLOOKUP(J32,Facts!$D$13:$L$14,2,FALSE) -> North | N32: =_xlfn.XLOOKUP(L32,Facts!$B$2:$B$10,Facts!$A$2:$A$10,FALSE) -> Punjab | O32: =TRIM(B32) -> Shreya Sharma | P32: {=_xlfn.TEXTSPLIT(O32," ")} -> Shreya | Q32: Sharma | S32: =CONCATENATE(A32,"_",P32,".pdf") -> PID0031_Shreya.pdf | T32: =IF(AND(I32<5,'Billing Details'!F32>10000),"High Priority","Regular Followup") -> High Priority | U32: =IF(AND(T32="High Priority",'Patient Health Records'!W32="Yes",'Patient Health Records'!X32 = "Critical"),"Needs Attention",IF(AND('Patient Health Records'!X32 <> "Critical", 'Patient Health Records'!W32 = "Yes"),"Monitor Later",IF(AND('Patient Health Records'!X32 ="Critical", 'Patient Health Records'!W32 = "No"), "Ask for Readmission","No Action"))) -> Ask for Readmission | V32: {=_xlfn.IFS(AND(T32="High Priority",'Patient Health Records'!W32="Yes",'Patient Health Records'!X32 = "Critical"),"Needs Attention", AND('Patient Health Records'!X32 <> "Critical", 'Patient Health Records'!W32 = "Yes"),"Monitor Later", AND('Patient Health Records'!X32 ="Critical", 'Patient Health Records'!W32 = "No"), "Ask for Readmission", TRUE, "No Action")} -> Ask for Readmission
A33: PID0032 | B33: Isha Gupta | C33: Female | D33: 31/12/1973 | E33: =DATEVALUE(D33) -> 27029 | F33: =YEAR(E33) -> 1973 | G33: =$X$9-F33 -> 52 | H33: {=_xlfn.IFS( AND(G33>=21, G33<=30), "Young Adult", AND(G33>=31, G33<=45), "Adult", AND(G33>=46, G33<=60), "Middle-aged", AND(G33>=61, G33<=75), "Senior", AND(G33>=76, G33<=87), "Elderly", TRUE, "Out of Range" )} -> Middle-aged | I33: 9 | J33: Tamil Nadu | K33: South | L33: =VLOOKUP(J33,Facts!$A$2:$B$10,2,FALSE) -> South | M33: =HLOOKUP(J33,Facts!$D$13:$L$14,2,FALSE) -> South | N33: =_xlfn.XLOOKUP(L33,Facts!$B$2:$B$10,Facts!$A$2:$A$10,FALSE) -> Tamil Nadu | O33: =TRIM(B33) -> Isha Gupta | P33: {=_xlfn.TEXTSPLIT(O33," ")} -> Isha | Q33: Gupta | S33: =CONCATENATE(A33,"_",P33,".pdf") -> PID0032_Isha.pdf | T33: =IF(AND(I33<5,'Billing Details'!F33>10000),"High Priority","Regular Followup") -> Regular Followup | U33: =IF(AND(T33="High Priority",'Patient Health Records'!W33="Yes",'Patient Health Records'!X33 = "Critical"),"Needs Attention",IF(AND('Patient Health Records'!X33 <> "Critical", 'Patient Health Records'!W33 = "Yes"),"Monitor Later",IF(AND('Patient Health Records'!X33 ="Critical", 'Patient Health Records'!W33 = "No"), "Ask for Readmission","No Action"))) -> No Action | V33: {=_xlfn.IFS(AND(T33="High Priority",'Patient Health Records'!W33="Yes",'Patient Health Records'!X33 = "Critical"),"Needs Attention", AND('Patient Health Records'!X33 <> "Critical", 'Patient Health Records'!W33 = "Yes"),"Monitor Later", AND('Patient Health Records'!X33 ="Critical", 'Patient Health Records'!W33 = "No"), "Ask for Readmission", TRUE, "No Action")} -> No Action
A34: PID0033 | B34: Diya Sharma | C34: Female | D34: 31/12/1998 | E34: =DATEVALUE(D34) -> 36160 | F34: =YEAR(E34) -> 1998 | G34: =$X$9-F34 -> 27 | H34: {=_xlfn.IFS( AND(G34>=21, G34<=30), "Young Adult", AND(G34>=31, G34<=45), "Adult", AND(G34>=46, G34<=60), "Middle-aged", AND(G34>=61, G34<=75), "Senior", AND(G34>=76, G34<=87), "Elderly", TRUE, "Out of Range" )} -> Young Adult | I34: 15 | J34: Maharashtra | K34: West | L34: =VLOOKUP(J34,Facts!$A$2:$B$10,2,FALSE) -> West | M34: =HLOOKUP(J34,Facts!$D$13:$L$14,2,FALSE) -> West | N34: =_xlfn.XLOOKUP(L34,Facts!$B$2:$B$10,Facts!$A$2:$A$10,FALSE) -> Maharashtra | O34: =TRIM(B34) -> Diya Sharma | P34: {=_xlfn.TEXTSPLIT(O34," ")} -> Diya | Q34: Sharma | S34: =CONCATENATE(A34,"_",P34,".pdf") -> PID0033_Diya.pdf | T34: =IF(AND(I34<5,'Billing Details'!F34>10000),"High Priority","Regular Followup") -> Regular Followup | U34: =IF(AND(T34="High Priority",'Patient Health Records'!W34="Yes",'Patient Health Records'!X34 = "Critical"),"Needs Attention",IF(AND('Patient Health Records'!X34 <> "Critical", 'Patient Health Records'!W34 = "Yes"),"Monitor Later",IF(AND('Patient Health Records'!X34 ="Critical", 'Patient Health Records'!W34 = "No"), "Ask for Readmission","No Action"))) -> Monitor Later | V34: {=_xlfn.IFS(AND(T34="High Priority",'Patient Health Records'!W34="Yes",'Patient Health Records'!X34 = "Critical"),"Needs Attention", AND('Patient Health Records'!X34 <> "Critical", 'Patient Health Records'!W34 = "Yes"),"Monitor Later", AND('Patient Health Records'!X34 ="Critical", 'Patient Health Records'!W34 = "No"), "Ask for Readmission", TRUE, "No Action")} -> Monitor Later
A35: PID0034 | B35: Aditya Mehta | C35: Male | D35: 01/01/1984 | E35: =DATEVALUE(D35) -> 30682 | F35: =YEAR(E35) -> 1984 | G35: =$X$9-F35 -> 41 | H35: {=_xlfn.IFS( AND(G35>=21, G35<=30), "Young Adult", AND(G35>=31, G35<=45), "Adult", AND(G35>=46, G35<=60), "Middle-aged", AND(G35>=61, G35<=75), "Senior", AND(G35>=76, G35<=87), "Elderly", TRUE, "Out of Range" )} -> Adult | I35: 15 | J35: Punjab | K35: South | L35: =VLOOKUP(J35,Facts!$A$2:$B$10,2,FALSE) -> North | M35: =HLOOKUP(J35,Facts!$D$13:$L$14,2,FALSE) -> North | N35: =_xlfn.XLOOKUP(L35,Facts!$B$2:$B$10,Facts!$A$2:$A$10,FALSE) -> Punjab | O35: =TRIM(B35) -> Aditya Mehta | P35: {=_xlfn.TEXTSPLIT(O35," ")} -> Aditya | Q35: Mehta | S35: =CONCATENATE(A35,"_",P35,".pdf") -> PID0034_Aditya.pdf | T35: =IF(AND(I35<5,'Billing Details'!F35>10000),"High Priority","Regular Followup") -> Regular Followup | U35: =IF(AND(T35="High Priority",'Patient Health Records'!W35="Yes",'Patient Health Records'!X35 = "Critical"),"Needs Attention",IF(AND('Patient Health Records'!X35 <> "Critical", 'Patient Health Records'!W35 = "Yes"),"Monitor Later",IF(AND('Patient Health Records'!X35 ="Critical", 'Patient Health Records'!W35 = "No"), "Ask for Readmission","No Action"))) -> No Action | V35: {=_xlfn.IFS(AND(T35="High Priority",'Patient Health Records'!W35="Yes",'Patient Health Records'!X35 = "Critical"),"Needs Attention", AND('Patient Health Records'!X35 <> "Critical", 'Patient Health Records'!W35 = "Yes"),"Monitor Later", AND('Patient Health Records'!X35 ="Critical", 'Patient Health Records'!W35 = "No"), "Ask for Readmission", TRUE, "No Action")} -> No Action
A36: PID0035 | B36: Krishna Sharma | C36: Male | D36: 01/01/1976 | E36: =DATEVALUE(D36) -> 27760 | F36: =YEAR(E36) -> 1976 | G36: =$X$9-F36 -> 49 | H36: {=_xlfn.IFS( AND(G36>=21, G36<=30), "Young Adult", AND(G36>=31, G36<=45), "Adult", AND(G36>=46, G36<=60), "Middle-aged", AND(G36>=61, G36<=75), "Senior", AND(G36>=76, G36<=87), "Elderly", TRUE, "Out of Range" )} -> Middle-aged | I36: 2 | J36: Uttar Pradesh | K36: East | L36: =VLOOKUP(J36,Facts!$A$2:$B$10,2,FALSE) -> North | M36: =HLOOKUP(J36,Facts!$D$13:$L$14,2,FALSE) -> North | N36: =_xlfn.XLOOKUP(L36,Facts!$B$2:$B$10,Facts!$A$2:$A$10,FALSE) -> Punjab | O36: =TRIM(B36) -> Krishna Sharma | P36: {=_xlfn.TEXTSPLIT(O36," ")} -> Krishna | Q36: Sharma | S36: =CONCATENATE(A36,"_",P36,".pdf") -> PID0035_Krishna.pdf | T36: =IF(AND(I36<5,'Billing Details'!F36>10000),"High Priority","Regular Followup") -> High Priority | U36: =IF(AND(T36="High Priority",'Patient Health Records'!W36="Yes",'Patient Health Records'!X36 = "Critical"),"Needs Attention",IF(AND('Patient Health Records'!X36 <> "Critical", 'Patient Health Records'!W36 = "Yes"),"Monitor Later",IF(AND('Patient Health Records'!X36 ="Critical", 'Patient Health Records'!W36 = "No"), "Ask for Readmission","No Action"))) -> Needs Attention | V36: {=_xlfn.IFS(AND(T36="High Priority",'Patient Health Records'!W36="Yes",'Patient Health Records'!X36 = "Critical"),"Needs Attention", AND('Patient Health Records'!X36 <> "Critical", 'Patient Health Records'!W36 = "Yes"),"Monitor Later", AND('Patient Health Records'!X36 ="Critical", 'Patient Health Records'!W36 = "No"), "Ask for Readmission", TRUE, "No Action")} -> Needs Attention
A37: PID0036 | B37: Riya Gupta | C37: Female | D37: 31/12/1968 | E37: =DATEVALUE(D37) -> 25203 | F37: =YEAR(E37) -> 1968 | G37: =$X$9-F37 -> 57 | H37: {=_xlfn.IFS( AND(G37>=21, G37<=30), "Young Adult", AND(G37>=31, G37<=45), "Adult", AND(G37>=46, G37<=60), "Middle-aged", AND(G37>=61, G37<=75), "Senior", AND(G37>=76, G37<=87), "Elderly", TRUE, "Out of Range" )} -> Middle-aged | I37: 4 | J37: Punjab | K37: North | L37: =VLOOKUP(J37,Facts!$A$2:$B$10,2,FALSE) -> North | M37: =HLOOKUP(J37,Facts!$D$13:$L$14,2,FALSE) -> North | N37: =_xlfn.XLOOKUP(L37,Facts!$B$2:$B$10,Facts!$A$2:$A$10,FALSE) -> Punjab | O37: =TRIM(B37) -> Riya Gupta | P37: {=_xlfn.TEXTSPLIT(O37," ")} -> Riya | Q37: Gupta | S37: =CONCATENATE(A37,"_",P37,".pdf") -> PID0036_Riya.pdf | T37: =IF(AND(I37<5,'Billing Details'!F37>10000),"High Priority","Regular Followup") -> High Priority | U37: =IF(AND(T37="High Priority",'Patient Health Records'!W37="Yes",'Patient Health Records'!X37 = "Critical"),"Needs Attention",IF(AND('Patient Health Records'!X37 <> "Critical", 'Patient Health Records'!W37 = "Yes"),"Monitor Later",IF(AND('Patient Health Records'!X37 ="Critical", 'Patient Health Records'!W37 = "No"), "Ask for Readmission","No Action"))) -> No Action | V37: {=_xlfn.IFS(AND(T37="High Priority",'Patient Health Records'!W37="Yes",'Patient Health Records'!X37 = "Critical"),"Needs Attention", AND('Patient Health Records'!X37 <> "Critical", 'Patient Health Records'!W37 = "Yes"),"Monitor Later", AND('Patient Health Records'!X37 ="Critical", 'Patient Health Records'!W37 = "No"), "Ask for Readmission", TRUE, "No Action")} -> No Action
A38: PID0037 | B38: Aanya Priya Sharma | C38: Female | D38: 01/01/1964 | E38: =DATEVALUE(D38) -> 23377 | F38: =YEAR(E38) -> 1964 | G38: =$X$9-F38 -> 61 | H38: {=_xlfn.IFS( AND(G38>=21, G38<=30), "Young Adult", AND(G38>=31, G38<=45), "Adult", AND(G38>=46, G38<=60), "Middle-aged", AND(G38>=61, G38<=75), "Senior", AND(G38>=76, G38<=87), "Elderly", TRUE, "Out of Range" )} -> Senior | I38: 5 | J38: Gujarat | K38: South | L38: =VLOOKUP(J38,Facts!$A$2:$B$10,2,FALSE) -> West | M38: =HLOOKUP(J38,Facts!$D$13:$L$14,2,FALSE) -> West | N38: =_xlfn.XLOOKUP(L38,Facts!$B$2:$B$10,Facts!$A$2:$A$10,FALSE) -> Maharashtra | O38: =TRIM(B38) -> Aanya Priya Sharma | P38: {=_xlfn.TEXTSPLIT(O38," ")} -> Aanya | Q38: Priya | R38: Sharma | S38: =CONCATENATE(A38,"_",P38,".pdf") -> PID0037_Aanya.pdf | T38: =IF(AND(I38<5,'Billing Details'!F38>10000),"High Priority","Regular Followup") -> Regular Followup | U38: =IF(AND(T38="High Priority",'Patient Health Records'!W38="Yes",'Patient Health Records'!X38 = "Critical"),"Needs Attention",IF(AND('Patient Health Records'!X38 <> "Critical", 'Patient Health Records'!W38 = "Yes"),"Monitor Later",IF(AND('Patient Health Records'!X38 ="Critical", 'Patient Health Records'!W38 = "No"), "Ask for Readmission","No Action"))) -> No Action | V38: {=_xlfn.IFS(AND(T38="High Priority",'Patient Health Records'!W38="Yes",'Patient Health Records'!X38 = "Critical"),"Needs Attention", AND('Patient Health Records'!X38 <> "Critical", 'Patient Health Records'!W38 = "Yes"),"Monitor Later", AND('Patient Health Records'!X38 ="Critical", 'Patient Health Records'!W38 = "No"), "Ask for Readmission", TRUE, "No Action")} -> No Action
A39: PID0038 | B39: Sai Priya Mehta | C39: Male | D39: 31-12-1988 | E39: =DATEVALUE(D39) -> 32508 | F39: =YEAR(E39) -> 1988 | G39: =$X$9-F39 -> 37 | H39: {=_xlfn.IFS( AND(G39>=21, G39<=30), "Young Adult", AND(G39>=31, G39<=45), "Adult", AND(G39>=46, G39<=60), "Middle-aged", AND(G39>=61, G39<=75), "Senior", AND(G39>=76, G39<=87), "Elderly", TRUE, "Out of Range" )} -> Adult | I39: 15 | J39: Karnataka | K39: South | L39: =VLOOKUP(J39,Facts!$A$2:$B$10,2,FALSE) -> South | M39: =HLOOKUP(J39,Facts!$D$13:$L$14,2,FALSE) -> South | N39: =_xlfn.XLOOKUP(L39,Facts!$B$2:$B$10,Facts!$A$2:$A$10,FALSE) -> Tamil Nadu | O39: =TRIM(B39) -> Sai Priya Mehta | P39: {=_xlfn.TEXTSPLIT(O39," ")} -> Sai | Q39: Priya | R39: Mehta | S39: =CONCATENATE(A39,"_",P39,".pdf") -> PID0038_Sai.pdf | T39: =IF(AND(I39<5,'Billing Details'!F39>10000),"High Priority","Regular Followup") -> Regular Followup | U39: =IF(AND(T39="High Priority",'Patient Health Records'!W39="Yes",'Patient Health Records'!X39 = "Critical"),"Needs Attention",IF(AND('Patient Health Records'!X39 <> "Critical", 'Patient Health Records'!W39 = "Yes"),"Monitor Later",IF(AND('Patient Health Records'!X39 ="Critical", 'Patient Health Records'!W39 = "No"), "Ask for Readmission","No Action"))) -> No Action | V39: {=_xlfn.IFS(AND(T39="High Priority",'Patient Health Records'!W39="Yes",'Patient Health Records'!X39 = "Critical"),"Needs Attention", AND('Patient Health Records'!X39 <> "Critical", 'Patient Health Records'!W39 = "Yes"),"Monitor Later", AND('Patient Health Records'!X39 ="Critical", 'Patient Health Records'!W39 = "No"), "Ask for Readmission", TRUE, "No Action")} -> No Action
A40: PID0039 | B40: Isha Kumar Sharma | C40: Female | D40: 31/12/1973 | E40: =DATEVALUE(D40) -> 27029 | F40: =YEAR(E40) -> 1973 | G40: =$X$9-F40 -> 52 | H40: {=_xlfn.IFS( AND(G40>=21, G40<=30), "Young Adult", AND(G40>=31, G40<=45), "Adult", AND(G40>=46, G40<=60), "Middle-aged", AND(G40>=61, G40<=75), "Senior", AND(G40>=76, G40<=87), "Elderly", TRUE, "Out of Range" )} -> Middle-aged | I40: 25 | J40: Gujarat | K40: West | L40: =VLOOKUP(J40,Facts!$A$2:$B$10,2,FALSE) -> West | M40: =HLOOKUP(J40,Facts!$D$13:$L$14,2,FALSE) -> West | N40: =_xlfn.XLOOKUP(L40,Facts!$B$2:$B$10,Facts!$A$2:$A$10,FALSE) -> Maharashtra | O40: =TRIM(B40) -> Isha Kumar Sharma | P40: {=_xlfn.TEXTSPLIT(O40," ")} -> Isha | Q40: Kumar | R40: Sharma | S40: =CONCATENATE(A40,"_",P40,".pdf") -> PID0039_Isha.pdf | T40: =IF(AND(I40<5,'Billing Details'!F40>10000),"High Priority","Regular Followup") -> Regular Followup | U40: =IF(AND(T40="High Priority",'Patient Health Records'!W40="Yes",'Patient Health Records'!X40 = "Critical"),"Needs Attention",IF(AND('Patient Health Records'!X40 <> "Critical", 'Patient Health Records'!W40 = "Yes"),"Monitor Later",IF(AND('Patient Health Records'!X40 ="Critical", 'Patient Health Records'!W40 = "No"), "Ask for Readmission","No Action"))) -> No Action | V40: {=_xlfn.IFS(AND(T40="High Priority",'Patient Health Records'!W40="Yes",'Patient Health Records'!X40 = "Critical"),"Needs Attention", AND('Patient Health Records'!X40 <> "Critical", 'Patient Health Records'!W40 = "Yes"),"Monitor Later", AND('Patient Health Records'!X40 ="Critical", 'Patient Health Records'!W40 = "No"), "Ask for Readmission", TRUE, "No Action")} -> No Action
A41: PID0040 | B41: Krishna Priya Sharma | C41: Male | D41: 31-12-1981 | E41: =DATEVALUE(D41) -> 29951 | F41: =YEAR(E41) -> 1981 | G41: =$X$9-F41 -> 44 | H41: {=_xlfn.IFS( AND(G41>=21, G41<=30), "Young Adult", AND(G41>=31, G41<=45), "Adult", AND(G41>=46, G41<=60), "Middle-aged", AND(G41>=61, G41<=75), "Senior", AND(G41>=76, G41<=87), "Elderly", TRUE, "Out of Range" )} -> Adult | I41: 30 | J41: Tamil Nadu | K41: South | L41: =VLOOKUP(J41,Facts!$A$2:$B$10,2,FALSE) -> South | M41: =HLOOKUP(J41,Facts!$D$13:$L$14,2,FALSE) -> South | N41: =_xlfn.XLOOKUP(L41,Facts!$B$2:$B$10,Facts!$A$2:$A$10,FALSE) -> Tamil Nadu | O41: =TRIM(B41) -> Krishna Priya Sharma | P41: {=_xlfn.TEXTSPLIT(O41," ")} -> Krishna | Q41: Priya | R41: Sharma | S41: =CONCATENATE(A41,"_",P41,".pdf") -> PID0040_Krishna.pdf | T41: =IF(AND(I41<5,'Billing Details'!F41>10000),"High Priority","Regular Followup") -> Regular Followup | U41: =IF(AND(T41="High Priority",'Patient Health Records'!W41="Yes",'Patient Health Records'!X41 = "Critical"),"Needs Attention",IF(AND('Patient Health Records'!X41 <> "Critical", 'Patient Health Records'!W41 = "Yes"),"Monitor Later",IF(AND('Patient Health Records'!X41 ="Critical", 'Patient Health Records'!W41 = "No"), "Ask for Readmission","No Action"))) -> Monitor Later | V41: {=_xlfn.IFS(AND(T41="High Priority",'Patient Health Records'!W41="Yes",'Patient Health Records'!X41 = "Critical"),"Needs Attention", AND('Patient Health Records'!X41 <> "Critical", 'Patient Health Records'!W41 = "Yes"),"Monitor Later", AND('Patient Health Records'!X41 ="Critical", 'Patient Health Records'!W41 = "No"), "Ask for Readmission", TRUE, "No Action")} -> Monitor Later
A42: PID0041 | B42: Diya Priya Gupta | C42: Female | D42: 31-12-1973 | E42: =DATEVALUE(D42) -> 27029 | F42: =YEAR(E42) -> 1973 | G42: =$X$9-F42 -> 52 | H42: {=_xlfn.IFS( AND(G42>=21, G42<=30), "Young Adult", AND(G42>=31, G42<=45), "Adult", AND(G42>=46, G42<=60), "Middle-aged", AND(G42>=61, G42<=75), "Senior", AND(G42>=76, G42<=87), "Elderly", TRUE, "Out of Range" )} -> Middle-aged | I42: 7 | J42: Maharashtra | K42: West | L42: =VLOOKUP(J42,Facts!$A$2:$B$10,2,FALSE) -> West | M42: =HLOOKUP(J42,Facts!$D$13:$L$14,2,FALSE) -> West | N42: =_xlfn.XLOOKUP(L42,Facts!$B$2:$B$10,Facts!$A$2:$A$10,FALSE) -> Maharashtra | O42: =TRIM(B42) -> Diya Priya Gupta | P42: {=_xlfn.TEXTSPLIT(O42," ")} -> Diya | Q42: Priya | R42: Gupta | S42: =CONCATENATE(A42,"_",P42,".pdf") -> PID0041_Diya.pdf | T42: =IF(AND(I42<5,'Billing Details'!F42>10000),"High Priority","Regular Followup") -> Regular Followup | U42: =IF(AND(T42="High Priority",'Patient Health Records'!W42="Yes",'Patient Health Records'!X42 = "Critical"),"Needs Attention",IF(AND('Patient Health Records'!X42 <> "Critical", 'Patient Health Records'!W42 = "Yes"),"Monitor Later",IF(AND('Patient Health Records'!X42 ="Critical", 'Patient Health Records'!W42 = "No"), "Ask for Readmission","No Action"))) -> No Action | V42: {=_xlfn.IFS(AND(T42="High Priority",'Patient Health Records'!W42="Yes",'Patient Health Records'!X42 = "Critical"),"Needs Attention", AND('Patient Health Records'!X42 <> "Critical", 'Patient Health Records'!W42 = "Yes"),"Monitor Later", AND('Patient Health Records'!X42 ="Critical", 'Patient Health Records'!W42 = "No"), "Ask for Readmission", TRUE, "No Action")} -> No Action
A43: PID0042 | B43: Isha Kumar Reddy | C43: Female | D43: 01/01/1964 | E43: =DATEVALUE(D43) -> 23377 | F43: =YEAR(E43) -> 1964 | G43: =$X$9-F43 -> 61 | H43: {=_xlfn.IFS( AND(G43>=21, G43<=30), "Young Adult", AND(G43>=31, G43<=45), "Adult", AND(G43>=46, G43<=60), "Middle-aged", AND(G43>=61, G43<=75), "Senior", AND(G43>=76, G43<=87), "Elderly", TRUE, "Out of Range" )} -> Senior | I43: 12 | J43: Maharashtra | K43: West | L43: =VLOOKUP(J43,Facts!$A$2:$B$10,2,FALSE) -> West | M43: =HLOOKUP(J43,Facts!$D$13:$L$14,2,FALSE) -> West | N43: =_xlfn.XLOOKUP(L43,Facts!$B$2:$B$10,Facts!$A$2:$A$10,FALSE) -> Maharashtra | O43: =TRIM(B43) -> Isha Kumar Reddy | P43: {=_xlfn.TEXTSPLIT(O43," ")} -> Isha | Q43: Kumar | R43: Reddy | S43: =CONCATENATE(A43,"_",P43,".pdf") -> PID0042_Isha.pdf | T43: =IF(AND(I43<5,'Billing Details'!F43>10000),"High Priority","Regular Followup") -> Regular Followup | U43: =IF(AND(T43="High Priority",'Patient Health Records'!W43="Yes",'Patient Health Records'!X43 = "Critical"),"Needs Attention",IF(AND('Patient Health Records'!X43 <> "Critical", 'Patient Health Records'!W43 = "Yes"),"Monitor Later",IF(AND('Patient Health Records'!X43 ="Critical", 'Patient Health Records'!W43 = "No"), "Ask for Readmission","No Action"))) -> Monitor Later | V43: {=_xlfn.IFS(AND(T43="High Priority",'Patient Health Records'!W43="Yes",'Patient Health Records'!X43 = "Critical"),"Needs Attention", AND('Patient Health Records'!X43 <> "Critical", 'Patient Health Records'!W43 = "Yes"),"Monitor Later", AND('Patient Health Records'!X43 ="Critical", 'Patient Health Records'!W43 = "No"), "Ask for Readmission", TRUE, "No Action")} -> Monitor Later
A44: PID0043 | B44: Shreya Reddy | C44: Female | D44: 31/12/1978 | E44: =DATEVALUE(D44) -> 28855 | F44: =YEAR(E44) -> 1978 | G44: =$X$9-F44 -> 47 | H44: {=_xlfn.IFS( AND(G44>=21, G44<=30), "Young Adult", AND(G44>=31, G44<=45), "Adult", AND(G44>=46, G44<=60), "Middle-aged", AND(G44>=61, G44<=75), "Senior", AND(G44>=76, G44<=87), "Elderly", TRUE, "Out of Range" )} -> Middle-aged | I44: 5 | J44: West Bengal | K44: South | L44: =VLOOKUP(J44,Facts!$A$2:$B$10,2,FALSE) -> East | M44: =HLOOKUP(J44,Facts!$D$13:$L$14,2,FALSE) -> East | N44: =_xlfn.XLOOKUP(L44,Facts!$B$2:$B$10,Facts!$A$2:$A$10,FALSE) -> West Bengal | O44: =TRIM(B44) -> Shreya Reddy | P44: {=_xlfn.TEXTSPLIT(O44," ")} -> Shreya | Q44: Reddy | S44: =CONCATENATE(A44,"_",P44,".pdf") -> PID0043_Shreya.pdf | T44: =IF(AND(I44<5,'Billing Details'!F44>10000),"High Priority","Regular Followup") -> Regular Followup | U44: =IF(AND(T44="High Priority",'Patient Health Records'!W44="Yes",'Patient Health Records'!X44 = "Critical"),"Needs Attention",IF(AND('Patient Health Records'!X44 <> "Critical", 'Patient Health Records'!W44 = "Yes"),"Monitor Later",IF(AND('Patient Health Records'!X44 ="Critical", 'Patient Health Records'!W44 = "No"), "Ask for Readmission","No Action"))) -> Monitor Later | V44: {=_xlfn.IFS(AND(T44="High Priority",'Patient Health Records'!W44="Yes",'Patient Health Records'!X44 = "Critical"),"Needs Attention", AND('Patient Health Records'!X44 <> "Critical", 'Patient Health Records'!W44 = "Yes"),"Monitor Later", AND('Patient Health Records'!X44 ="Critical", 'Patient Health Records'!W44 = "No"), "Ask for Readmission", TRUE, "No Action")} -> Monitor Later
A45: PID0044 | B45: Diya Kumar Sharma | C45: Female | D45: 31-12-1993 | E45: =DATEVALUE(D45) -> 34334 | F45: =YEAR(E45) -> 1993 | G45: =$X$9-F45 -> 32 | H45: {=_xlfn.IFS( AND(G45>=21, G45<=30), "Young Adult", AND(G45>=31, G45<=45), "Adult", AND(G45>=46, G45<=60), "Middle-aged", AND(G45>=61, G45<=75), "Senior", AND(G45>=76, G45<=87), "Elderly", TRUE, "Out of Range" )} -> Adult | I45: 12 | J45: Maharashtra | K45: North | L45: =VLOOKUP(J45,Facts!$A$2:$B$10,2,FALSE) -> West | M45: =HLOOKUP(J45,Facts!$D$13:$L$14,2,FALSE) -> West | N45: =_xlfn.XLOOKUP(L45,Facts!$B$2:$B$10,Facts!$A$2:$A$10,FALSE) -> Maharashtra | O45: =TRIM(B45) -> Diya Kumar Sharma | P45: {=_xlfn.TEXTSPLIT(O45," ")} -> Diya | Q45: Kumar | R45: Sharma | S45: =CONCATENATE(A45,"_",P45,".pdf") -> PID0044_Diya.pdf | T45: =IF(AND(I45<5,'Billing Details'!F45>10000),"High Priority","Regular Followup") -> Regular Followup | U45: =IF(AND(T45="High Priority",'Patient Health Records'!W45="Yes",'Patient Health Records'!X45 = "Critical"),"Needs Attention",IF(AND('Patient Health Records'!X45 <> "Critical", 'Patient Health Records'!W45 = "Yes"),"Monitor Later",IF(AND('Patient Health Records'!X45 ="Critical", 'Patient Health Records'!W45 = "No"), "Ask for Readmission","No Action"))) -> Monitor Later | V45: {=_xlfn.IFS(AND(T45="High Priority",'Patient Health Records'!W45="Yes",'Patient Health Records'!X45 = "Critical"),"Needs Attention", AND('Patient Health Records'!X45 <> "Critical", 'Patient Health Records'!W45 = "Yes"),"Monitor Later", AND('Patient Health Records'!X45 ="Critical", 'Patient Health Records'!W45 = "No"), "Ask for Readmission", TRUE, "No Action")} -> Monitor Later
A46: PID0045 | B46: Aarav Dev Reddy | C46: Male | D46: 31/12/1953 | E46: =DATEVALUE(D46) -> 19724 | F46: =YEAR(E46) -> 1953 | G46: =$X$9-F46 -> 72 | H46: {=_xlfn.IFS( AND(G46>=21, G46<=30), "Young Adult", AND(G46>=31, G46<=45), "Adult", AND(G46>=46, G46<=60), "Middle-aged", AND(G46>=61, G46<=75), "Senior", AND(G46>=76, G46<=87), "Elderly", TRUE, "Out of Range" )} -> Senior | I46: 2 | J46: Uttar Pradesh | K46: South | L46: =VLOOKUP(J46,Facts!$A$2:$B$10,2,FALSE) -> North | M46: =HLOOKUP(J46,Facts!$D$13:$L$14,2,FALSE) -> North | N46: =_xlfn.XLOOKUP(L46,Facts!$B$2:$B$10,Facts!$A$2:$A$10,FALSE) -> Punjab | O46: =TRIM(B46) -> Aarav Dev Reddy | P46: {=_xlfn.TEXTSPLIT(O46," ")} -> Aarav | Q46: Dev | R46: Reddy | S46: =CONCATENATE(A46,"_",P46,".pdf") -> PID0045_Aarav.pdf | T46: =IF(AND(I46<5,'Billing Details'!F46>10000),"High Priority","Regular Followup") -> High Priority | U46: =IF(AND(T46="High Priority",'Patient Health Records'!W46="Yes",'Patient Health Records'!X46 = "Critical"),"Needs Attention",IF(AND('Patient Health Records'!X46 <> "Critical", 'Patient Health Records'!W46 = "Yes"),"Monitor Later",IF(AND('Patient Health Records'!X46 ="Critical", 'Patient Health Records'!W46 = "No"), "Ask for Readmission","No Action"))) -> Needs Attention | V46: {=_xlfn.IFS(AND(T46="High Priority",'Patient Health Records'!W46="Yes",'Patient Health Records'!X46 = "Critical"),"Needs Attention", AND('Patient Health Records'!X46 <> "Critical", 'Patient Health Records'!W46 = "Yes"),"Monitor Later", AND('Patient Health Records'!X46 ="Critical", 'Patient Health Records'!W46 = "No"), "Ask for Readmission", TRUE, "No Action")} -> Needs Attention
A47: PID0046 | B47: Aanya Sharma | C47: Female | D47: 31/12/1985 | E47: =DATEVALUE(D47) -> 31412 | F47: =YEAR(E47) -> 1985 | G47: =$X$9-F47 -> 40 | H47: {=_xlfn.IFS( AND(G47>=21, G47<=30), "Young Adult", AND(G47>=31, G47<=45), "Adult", AND(G47>=46, G47<=60), "Middle-aged", AND(G47>=61, G47<=75), "Senior", AND(G47>=76, G47<=87), "Elderly", TRUE, "Out of Range" )} -> Adult | I47: 30 | J47: Kerala | K47: South | L47: =VLOOKUP(J47,Facts!$A$2:$B$10,2,FALSE) -> South | M47: =HLOOKUP(J47,Facts!$D$13:$L$14,2,FALSE) -> South | N47: =_xlfn.XLOOKUP(L47,Facts!$B$2:$B$10,Facts!$A$2:$A$10,FALSE) -> Tamil Nadu | O47: =TRIM(B47) -> Aanya Sharma | P47: {=_xlfn.TEXTSPLIT(O47," ")} -> Aanya | Q47: Sharma | S47: =CONCATENATE(A47,"_",P47,".pdf") -> PID0046_Aanya.pdf | T47: =IF(AND(I47<5,'Billing Details'!F47>10000),"High Priority","Regular Followup") -> Regular Followup | U47: =IF(AND(T47="High Priority",'Patient Health Records'!W47="Yes",'Patient Health Records'!X47 = "Critical"),"Needs Attention",IF(AND('Patient Health Records'!X47 <> "Critical", 'Patient Health Records'!W47 = "Yes"),"Monitor Later",IF(AND('Patient Health Records'!X47 ="Critical", 'Patient Health Records'!W47 = "No"), "Ask for Readmission","No Action"))) -> No Action | V47: {=_xlfn.IFS(AND(T47="High Priority",'Patient Health Records'!W47="Yes",'Patient Health Records'!X47 = "Critical"),"Needs Attention", AND('Patient Health Records'!X47 <> "Critical", 'Patient Health Records'!W47 = "Yes"),"Monitor Later", AND('Patient Health Records'!X47 ="Critical", 'Patient Health Records'!W47 = "No"), "Ask for Readmission", TRUE, "No Action")} -> No Action
A48: PID0047 | B48: Vivaan Sharma | C48: Male | D48: 31/12/1993 | E48: =DATEVALUE(D48) -> 34334 | F48: =YEAR(E48) -> 1993 | G48: =$X$9-F48 -> 32 | H48: {=_xlfn.IFS( AND(G48>=21, G48<=30), "Young Adult", AND(G48>=31, G48<=45), "Adult", AND(G48>=46, G48<=60), "Middle-aged", AND(G48>=61, G48<=75), "Senior", AND(G48>=76, G48<=87), "Elderly", TRUE, "Out of Range" )} -> Adult | I48: 300 | J48: Tamil Nadu | K48: South | L48: =VLOOKUP(J48,Facts!$A$2:$B$10,2,FALSE) -> South | M48: =HLOOKUP(J48,Facts!$D$13:$L$14,2,FALSE) -> South | N48: =_xlfn.XLOOKUP(L48,Facts!$B$2:$B$10,Facts!$A$2:$A$10,FALSE) -> Tamil Nadu | O48: =TRIM(B48) -> Vivaan Sharma | P48: {=_xlfn.TEXTSPLIT(O48," ")} -> Vivaan | Q48: Sharma | S48: =CONCATENATE(A48,"_",P48,".pdf") -> PID0047_Vivaan.pdf | T48: =IF(AND(I48<5,'Billing Details'!F48>10000),"High Priority","Regular Followup") -> Regular Followup | U48: =IF(AND(T48="High Priority",'Patient Health Records'!W48="Yes",'Patient Health Records'!X48 = "Critical"),"Needs Attention",IF(AND('Patient Health Records'!X48 <> "Critical", 'Patient Health Records'!W48 = "Yes"),"Monitor Later",IF(AND('Patient Health Records'!X48 ="Critical", 'Patient Health Records'!W48 = "No"), "Ask for Readmission","No Action"))) -> Monitor Later | V48: {=_xlfn.IFS(AND(T48="High Priority",'Patient Health Records'!W48="Yes",'Patient Health Records'!X48 = "Critical"),"Needs Attention", AND('Patient Health Records'!X48 <> "Critical", 'Patient Health Records'!W48 = "Yes"),"Monitor Later", AND('Patient Health Records'!X48 ="Critical", 'Patient Health Records'!W48 = "No"), "Ask for Readmission", TRUE, "No Action")} -> Monitor Later
A49: PID0048 | B49: Isha Priya Reddy | C49: Female | D49: 31/12/1988 | E49: =DATEVALUE(D49) -> 32508 | F49: =YEAR(E49) -> 1988 | G49: =$X$9-F49 -> 37 | H49: {=_xlfn.IFS( AND(G49>=21, G49<=30), "Young Adult", AND(G49>=31, G49<=45), "Adult", AND(G49>=46, G49<=60), "Middle-aged", AND(G49>=61, G49<=75), "Senior", AND(G49>=76, G49<=87), "Elderly", TRUE, "Out of Range" )} -> Adult | I49: 25 | J49: Gujarat | K49: West | L49: =VLOOKUP(J49,Facts!$A$2:$B$10,2,FALSE) -> West | M49: =HLOOKUP(J49,Facts!$D$13:$L$14,2,FALSE) -> West | N49: =_xlfn.XLOOKUP(L49,Facts!$B$2:$B$10,Facts!$A$2:$A$10,FALSE) -> Maharashtra | O49: =TRIM(B49) -> Isha Priya Reddy | P49: {=_xlfn.TEXTSPLIT(O49," ")} -> Isha | Q49: Priya | R49: Reddy | S49: =CONCATENATE(A49,"_",P49,".pdf") -> PID0048_Isha.pdf | T49: =IF(AND(I49<5,'Billing Details'!F49>10000),"High Priority","Regular Followup") -> Regular Followup | U49: =IF(AND(T49="High Priority",'Patient Health Records'!W49="Yes",'Patient Health Records'!X49 = "Critical"),"Needs Attention",IF(AND('Patient Health Records'!X49 <> "Critical", 'Patient Health Records'!W49 = "Yes"),"Monitor Later",IF(AND('Patient Health Records'!X49 ="Critical", 'Patient Health Records'!W49 = "No"), "Ask for Readmission","No Action"))) -> No Action | V49: {=_xlfn.IFS(AND(T49="High Priority",'Patient Health Records'!W49="Yes",'Patient Health Records'!X49 = "Critical"),"Needs Attention", AND('Patient Health Records'!X49 <> "Critical", 'Patient Health Records'!W49 = "Yes"),"Monitor Later", AND('Patient Health Records'!X49 ="Critical", 'Patient Health Records'!W49 = "No"), "Ask for Readmission", TRUE, "No Action")} -> No Action
A50: PID0049 | B50: Sai Patel | C50: Male | D50: 31-12-1973 | E50: =DATEVALUE(D50) -> 27029 | F50: =YEAR(E50) -> 1973 | G50: =$X$9-F50 -> 52 | H50: {=_xlfn.IFS( AND(G50>=21, G50<=30), "Young Adult", AND(G50>=31, G50<=45), "Adult", AND(G50>=46, G50<=60), "Middle-aged", AND(G50>=61, G50<=75), "Senior", AND(G50>=76, G50<=87), "Elderly", TRUE, "Out of Range" )} -> Middle-aged | I50: 20 | J50: Kerala | K50: South | L50: =VLOOKUP(J50,Facts!$A$2:$B$10,2,FALSE) -> South | M50: =HLOOKUP(J50,Facts!$D$13:$L$14,2,FALSE) -> South | N50: =_xlfn.XLOOKUP(L50,Facts!$B$2:$B$10,Facts!$A$2:$A$10,FALSE) -> Tamil Nadu | O50: =TRIM(B50) -> Sai Patel | P50: {=_xlfn.TEXTSPLIT(O50," ")} -> Sai | Q50: Patel | S50: =CONCATENATE(A50,"_",P50,".pdf") -> PID0049_Sai.pdf | T50: =IF(AND(I50<5,'Billing Details'!F50>10000),"High Priority","Regular Followup") -> Regular Followup | U50: =IF(AND(T50="High Priority",'Patient Health Records'!W50="Yes",'Patient Health Records'!X50 = "Critical"),"Needs Attention",IF(AND('Patient Health Records'!X50 <> "Critical", 'Patient Health Records'!W50 = "Yes"),"Monitor Later",IF(AND('Patient Health Records'!X50 ="Critical", 'Patient Health Records'!W50 = "No"), "Ask for Readmission","No Action"))) -> No Action | V50: {=_xlfn.IFS(AND(T50="High Priority",'Patient Health Records'!W50="Yes",'Patient Health Records'!X50 = "Critical"),"Needs Attention", AND('Patient Health Records'!X50 <> "Critical", 'Patient Health Records'!W50 = "Yes"),"Monitor Later", AND('Patient Health Records'!X50 ="Critical", 'Patient Health Records'!W50 = "No"), "Ask for Readmission", TRUE, "No Action")} -> No Action
A51: PID0050 | B51: Isha Gupta | C51: Female | D51: 31/12/1968 | E51: =DATEVALUE(D51) -> 25203 | F51: =YEAR(E51) -> 1968 | G51: =$X$9-F51 -> 57 | H51: {=_xlfn.IFS( AND(G51>=21, G51<=30), "Young Adult", AND(G51>=31, G51<=45), "Adult", AND(G51>=46, G51<=60), "Middle-aged", AND(G51>=61, G51<=75), "Senior", AND(G51>=76, G51<=87), "Elderly", TRUE, "Out of Range" )} -> Middle-aged | I51: 4 | J51: West Bengal | K51: North | L51: =VLOOKUP(J51,Facts!$A$2:$B$10,2,FALSE) -> East | M51: =HLOOKUP(J51,Facts!$D$13:$L$14,2,FALSE) -> East | N51: =_xlfn.XLOOKUP(L51,Facts!$B$2:$B$10,Facts!$A$2:$A$10,FALSE) -> West Bengal | O51: =TRIM(B51) -> Isha Gupta | P51: {=_xlfn.TEXTSPLIT(O51," ")} -> Isha | Q51: Gupta | S51: =CONCATENATE(A51,"_",P51,".pdf") -> PID0050_Isha.pdf | T51: =IF(AND(I51<5,'Billing Details'!F51>10000),"High Priority","Regular Followup") -> High Priority | U51: =IF(AND(T51="High Priority",'Patient Health Records'!W51="Yes",'Patient Health Records'!X51 = "Critical"),"Needs Attention",IF(AND('Patient Health Records'!X51 <> "Critical", 'Patient Health Records'!W51 = "Yes"),"Monitor Later",IF(AND('Patient Health Records'!X51 ="Critical", 'Patient Health Records'!W51 = "No"), "Ask for Readmission","No Action"))) -> Ask for Readmission | V51: {=_xlfn.IFS(AND(T51="High Priority",'Patient Health Records'!W51="Yes",'Patient Health Records'!X51 = "Critical"),"Needs Attention", AND('Patient Health Records'!X51 <> "Critical", 'Patient Health Records'!W51 = "Yes"),"Monitor Later", AND('Patient Health Records'!X51 ="Critical", 'Patient Health Records'!W51 = "No"), "Ask for Readmission", TRUE, "No Action")} -> Ask for Readmission
A52: PID0051 | B52: Vivaan Mehta | C52: Male | D52: 01-01-1964 | E52: =DATEVALUE(D52) -> 23377 | F52: =YEAR(E52) -> 1964 | G52: =$X$9-F52 -> 61 | H52: {=_xlfn.IFS( AND(G52>=21, G52<=30), "Young Adult", AND(G52>=31, G52<=45), "Adult", AND(G52>=46, G52<=60), "Middle-aged", AND(G52>=61, G52<=75), "Senior", AND(G52>=76, G52<=87), "Elderly", TRUE, "Out of Range" )} -> Senior | I52: 9 | J52: Gujarat | K52: South | L52: =VLOOKUP(J52,Facts!$A$2:$B$10,2,FALSE) -> West | M52: =HLOOKUP(J52,Facts!$D$13:$L$14,2,FALSE) -> West | N52: =_xlfn.XLOOKUP(L52,Facts!$B$2:$B$10,Facts!$A$2:$A$10,FALSE) -> Maharashtra | O52: =TRIM(B52) -> Vivaan Mehta | P52: {=_xlfn.TEXTSPLIT(O52," ")} -> Vivaan | Q52: Mehta | S52: =CONCATENATE(A52,"_",P52,".pdf") -> PID0051_Vivaan.pdf | T52: =IF(AND(I52<5,'Billing Details'!F52>10000),"High Priority","Regular Followup") -> Regular Followup | U52: =IF(AND(T52="High Priority",'Patient Health Records'!W52="Yes",'Patient Health Records'!X52 = "Critical"),"Needs Attention",IF(AND('Patient Health Records'!X52 <> "Critical", 'Patient Health Records'!W52 = "Yes"),"Monitor Later",IF(AND('Patient Health Records'!X52 ="Critical", 'Patient Health Records'!W52 = "No"), "Ask for Readmission","No Action"))) -> Monitor Later | V52: {=_xlfn.IFS(AND(T52="High Priority",'Patient Health Records'!W52="Yes",'Patient Health Records'!X52 = "Critical"),"Needs Attention", AND('Patient Health Records'!X52 <> "Critical", 'Patient Health Records'!W52 = "Yes"),"Monitor Later", AND('Patient Health Records'!X52 ="Critical", 'Patient Health Records'!W52 = "No"), "Ask for Readmission", TRUE, "No Action")} -> Monitor Later
A53: PID0052 | B53: Krishna Mehta | C53: Male | D53: 01/01/1964 | E53: =DATEVALUE(D53) -> 23377 | F53: =YEAR(E53) -> 1964 | G53: =$X$9-F53 -> 61 | H53: {=_xlfn.IFS( AND(G53>=21, G53<=30), "Young Adult", AND(G53>=31, G53<=45), "Adult", AND(G53>=46, G53<=60), "Middle-aged", AND(G53>=61, G53<=75), "Senior", AND(G53>=76, G53<=87), "Elderly", TRUE, "Out of Range" )} -> Senior | I53: 25 | J53: Gujarat | K53: South | L53: =VLOOKUP(J53,Facts!$A$2:$B$10,2,FALSE) -> West | M53: =HLOOKUP(J53,Facts!$D$13:$L$14,2,FALSE) -> West | N53: =_xlfn.XLOOKUP(L53,Facts!$B$2:$B$10,Facts!$A$2:$A$10,FALSE) -> Maharashtra | O53: =TRIM(B53) -> Krishna Mehta | P53: {=_xlfn.TEXTSPLIT(O53," ")} -> Krishna | Q53: Mehta | S53: =CONCATENATE(A53,"_",P53,".pdf") -> PID0052_Krishna.pdf | T53: =IF(AND(I53<5,'Billing Details'!F53>10000),"High Priority","Regular Followup") -> Regular Followup | U53: =IF(AND(T53="High Priority",'Patient Health Records'!W53="Yes",'Patient Health Records'!X53 = "Critical"),"Needs Attention",IF(AND('Patient Health Records'!X53 <> "Critical", 'Patient Health Records'!W53 = "Yes"),"Monitor Later",IF(AND('Patient Health Records'!X53 ="Critical", 'Patient Health Records'!W53 = "No"), "Ask for Readmission","No Action"))) -> No Action | V53: {=_xlfn.IFS(AND(T53="High Priority",'Patient Health Records'!W53="Yes",'Patient Health Records'!X53 = "Critical"),"Needs Attention", AND('Patient Health Records'!X53 <> "Critical", 'Patient Health Records'!W53 = "Yes"),"Monitor Later", AND('Patient Health Records'!X53 ="Critical", 'Patient Health Records'!W53 = "No"), "Ask for Readmission", TRUE, "No Action")} -> No Action
A54: PID0053 | B54: Isha Sharma | C54: Female | D54: 01/01/1964 | E54: =DATEVALUE(D54) -> 23377 | F54: =YEAR(E54) -> 1964 | G54: =$X$9-F54 -> 61 | H54: {=_xlfn.IFS( AND(G54>=21, G54<=30), "Young Adult", AND(G54>=31, G54<=45), "Adult", AND(G54>=46, G54<=60), "Middle-aged", AND(G54>=61, G54<=75), "Senior", AND(G54>=76, G54<=87), "Elderly", TRUE, "Out of Range" )} -> Senior | I54: 300 | J54: Gujarat | K54: West | L54: =VLOOKUP(J54,Facts!$A$2:$B$10,2,FALSE) -> West | M54: =HLOOKUP(J54,Facts!$D$13:$L$14,2,FALSE) -> West | N54: =_xlfn.XLOOKUP(L54,Facts!$B$2:$B$10,Facts!$A$2:$A$10,FALSE) -> Maharashtra | O54: =TRIM(B54) -> Isha Sharma | P54: {=_xlfn.TEXTSPLIT(O54," ")} -> Isha | Q54: Sharma | S54: =CONCATENATE(A54,"_",P54,".pdf") -> PID0053_Isha.pdf | T54: =IF(AND(I54<5,'Billing Details'!F54>10000),"High Priority","Regular Followup") -> Regular Followup | U54: =IF(AND(T54="High Priority",'Patient Health Records'!W54="Yes",'Patient Health Records'!X54 = "Critical"),"Needs Attention",IF(AND('Patient Health Records'!X54 <> "Critical", 'Patient Health Records'!W54 = "Yes"),"Monitor Later",IF(AND('Patient Health Records'!X54 ="Critical", 'Patient Health Records'!W54 = "No"), "Ask for Readmission","No Action"))) -> No Action | V54: {=_xlfn.IFS(AND(T54="High Priority",'Patient Health Records'!W54="Yes",'Patient Health Records'!X54 = "Critical"),"Needs Attention", AND('Patient Health Records'!X54 <> "Critical", 'Patient Health Records'!W54 = "Yes"),"Monitor Later", AND('Patient Health Records'!X54 ="Critical", 'Patient Health Records'!W54 = "No"), "Ask for Readmission", TRUE, "No Action")} -> No Action
A55: PID0054 | B55: Aarav Patel | C55: Male | D55: 01/01/1984 | E55: =DATEVALUE(D55) -> 30682 | F55: =YEAR(E55) -> 1984 | G55: =$X$9-F55 -> 41 | H55: {=_xlfn.IFS( AND(G55>=21, G55<=30), "Young Adult", AND(G55>=31, G55<=45), "Adult", AND(G55>=46, G55<=60), "Middle-aged", AND(G55>=61, G55<=75), "Senior", AND(G55>=76, G55<=87), "Elderly", TRUE, "Out of Range" )} -> Adult | J55: Gujarat | K55: North | L55: =VLOOKUP(J55,Facts!$A$2:$B$10,2,FALSE) -> West | M55: =HLOOKUP(J55,Facts!$D$13:$L$14,2,FALSE) -> West | N55: =_xlfn.XLOOKUP(L55,Facts!$B$2:$B$10,Facts!$A$2:$A$10,FALSE) -> Maharashtra | O55: =TRIM(B55) -> Aarav Patel | P55: {=_xlfn.TEXTSPLIT(O55," ")} -> Aarav | Q55: Patel | S55: =CONCATENATE(A55,"_",P55,".pdf") -> PID0054_Aarav.pdf | T55: =IF(AND(I55<5,'Billing Details'!F55>10000),"High Priority","Regular Followup") -> High Priority | U55: =IF(AND(T55="High Priority",'Patient Health Records'!W55="Yes",'Patient Health Records'!X55 = "Critical"),"Needs Attention",IF(AND('Patient Health Records'!X55 <> "Critical", 'Patient Health Records'!W55 = "Yes"),"Monitor Later",IF(AND('Patient Health Records'!X55 ="Critical", 'Patient Health Records'!W55 = "No"), "Ask for Readmission","No Action"))) -> Monitor Later | V55: {=_xlfn.IFS(AND(T55="High Priority",'Patient Health Records'!W55="Yes",'Patient Health Records'!X55 = "Critical"),"Needs Attention", AND('Patient Health Records'!X55 <> "Critical", 'Patient Health Records'!W55 = "Yes"),"Monitor Later", AND('Patient Health Records'!X55 ="Critical", 'Patient Health Records'!W55 = "No"), "Ask for Readmission", TRUE, "No Action")} -> Monitor Later
A56: PID0055 | B56: Isha Patel | C56: Female | D56: 31/12/1978 | E56: =DATEVALUE(D56) -> 28855 | F56: =YEAR(E56) -> 1978 | G56: =$X$9-F56 -> 47 | H56: {=_xlfn.IFS( AND(G56>=21, G56<=30), "Young Adult", AND(G56>=31, G56<=45), "Adult", AND(G56>=46, G56<=60), "Middle-aged", AND(G56>=61, G56<=75), "Senior", AND(G56>=76, G56<=87), "Elderly", TRUE, "Out of Range" )} -> Middle-aged | I56: 4 | J56: Punjab | K56: North | L56: =VLOOKUP(J56,Facts!$A$2:$B$10,2,FALSE) -> North | M56: =HLOOKUP(J56,Facts!$D$13:$L$14,2,FALSE) -> North | N56: =_xlfn.XLOOKUP(L56,Facts!$B$2:$B$10,Facts!$A$2:$A$10,FALSE) -> Punjab | O56: =TRIM(B56) -> Isha Patel | P56: {=_xlfn.TEXTSPLIT(O56," ")} -> Isha | Q56: Patel | S56: =CONCATENATE(A56,"_",P56,".pdf") -> PID0055_Isha.pdf | T56: =IF(AND(I56<5,'Billing Details'!F56>10000),"High Priority","Regular Followup") -> High Priority | U56: =IF(AND(T56="High Priority",'Patient Health Records'!W56="Yes",'Patient Health Records'!X56 = "Critical"),"Needs Attention",IF(AND('Patient Health Records'!X56 <> "Critical", 'Patient Health Records'!W56 = "Yes"),"Monitor Later",IF(AND('Patient Health Records'!X56 ="Critical", 'Patient Health Records'!W56 = "No"), "Ask for Readmission","No Action"))) -> Monitor Later | V56: {=_xlfn.IFS(AND(T56="High Priority",'Patient Health Records'!W56="Yes",'Patient Health Records'!X56 = "Critical"),"Needs Attention", AND('Patient Health Records'!X56 <> "Critical", 'Patient Health Records'!W56 = "Yes"),"Monitor Later", AND('Patient Health Records'!X56 ="Critical", 'Patient Health Records'!W56 = "No"), "Ask for Readmission", TRUE, "No Action")} -> Monitor Later
A57: PID0056 | B57: Isha Kumar Reddy | C57: Female | D57: 01/01/1964 | E57: =DATEVALUE(D57) -> 23377 | F57: =YEAR(E57) -> 1964 | G57: =$X$9-F57 -> 61 | H57: {=_xlfn.IFS( AND(G57>=21, G57<=30), "Young Adult", AND(G57>=31, G57<=45), "Adult", AND(G57>=46, G57<=60), "Middle-aged", AND(G57>=61, G57<=75), "Senior", AND(G57>=76, G57<=87), "Elderly", TRUE, "Out of Range" )} -> Senior | I57: 2 | J57: Uttar Pradesh | K57: North | L57: =VLOOKUP(J57,Facts!$A$2:$B$10,2,FALSE) -> North | M57: =HLOOKUP(J57,Facts!$D$13:$L$14,2,FALSE) -> North | N57: =_xlfn.XLOOKUP(L57,Facts!$B$2:$B$10,Facts!$A$2:$A$10,FALSE) -> Punjab | O57: =TRIM(B57) -> Isha Kumar Reddy | P57: {=_xlfn.TEXTSPLIT(O57," ")} -> Isha | Q57: Kumar | R57: Reddy | S57: =CONCATENATE(A57,"_",P57,".pdf") -> PID0056_Isha.pdf | T57: =IF(AND(I57<5,'Billing Details'!F57>10000),"High Priority","Regular Followup") -> High Priority | U57: =IF(AND(T57="High Priority",'Patient Health Records'!W57="Yes",'Patient Health Records'!X57 = "Critical"),"Needs Attention",IF(AND('Patient Health Records'!X57 <> "Critical", 'Patient Health Records'!W57 = "Yes"),"Monitor Later",IF(AND('Patient Health Records'!X57 ="Critical", 'Patient Health Records'!W57 = "No"), "Ask for Readmission","No Action"))) -> No Action | V57: {=_xlfn.IFS(AND(T57="High Priority",'Patient Health Records'!W57="Yes",'Patient Health Records'!X57 = "Critical"),"Needs Attention", AND('Patient Health Records'!X57 <> "Critical", 'Patient Health Records'!W57 = "Yes"),"Monitor Later", AND('Patient Health Records'!X57 ="Critical", 'Patient Health Records'!W57 = "No"), "Ask for Readmission", TRUE, "No Action")} -> No Action
A58: PID0057 | B58: Aarav Reddy | C58: Male | D58: 01/01/1972 | E58: =DATEVALUE(D58) -> 26299 | F58: =YEAR(E58) -> 1972 | G58: =$X$9-F58 -> 53 | H58: {=_xlfn.IFS( AND(G58>=21, G58<=30), "Young Adult", AND(G58>=31, G58<=45), "Adult", AND(G58>=46, G58<=60), "Middle-aged", AND(G58>=61, G58<=75), "Senior", AND(G58>=76, G58<=87), "Elderly", TRUE, "Out of Range" )} -> Middle-aged | I58: 2 | J58: Punjab | K58: North | L58: =VLOOKUP(J58,Facts!$A$2:$B$10,2,FALSE) -> North | M58: =HLOOKUP(J58,Facts!$D$13:$L$14,2,FALSE) -> North | N58: =_xlfn.XLOOKUP(L58,Facts!$B$2:$B$10,Facts!$A$2:$A$10,FALSE) -> Punjab | O58: =TRIM(B58) -> Aarav Reddy | P58: {=_xlfn.TEXTSPLIT(O58," ")} -> Aarav | Q58: Reddy | S58: =CONCATENATE(A58,"_",P58,".pdf") -> PID0057_Aarav.pdf | T58: =IF(AND(I58<5,'Billing Details'!F58>10000),"High Priority","Regular Followup") -> High Priority | U58: =IF(AND(T58="High Priority",'Patient Health Records'!W58="Yes",'Patient Health Records'!X58 = "Critical"),"Needs Attention",IF(AND('Patient Health Records'!X58 <> "Critical", 'Patient Health Records'!W58 = "Yes"),"Monitor Later",IF(AND('Patient Health Records'!X58 ="Critical", 'Patient Health Records'!W58 = "No"), "Ask for Readmission","No Action"))) -> Monitor Later | V58: {=_xlfn.IFS(AND(T58="High Priority",'Patient Health Records'!W58="Yes",'Patient Health Records'!X58 = "Critical"),"Needs Attention", AND('Patient Health Records'!X58 <> "Critical", 'Patient Health Records'!W58 = "Yes"),"Monitor Later", AND('Patient Health Records'!X58 ="Critical", 'Patient Health Records'!W58 = "No"), "Ask for Readmission", TRUE, "No Action")} -> Monitor Later
A59: PID0058 | B59: Aditya Dev Sharma | C59: Male | D59: 31/12/1985 | E59: =DATEVALUE(D59) -> 31412 | F59: =YEAR(E59) -> 1985 | G59: =$X$9-F59 -> 40 | H59: {=_xlfn.IFS( AND(G59>=21, G59<=30), "Young Adult", AND(G59>=31, G59<=45), "Adult", AND(G59>=46, G59<=60), "Middle-aged", AND(G59>=61, G59<=75), "Senior", AND(G59>=76, G59<=87), "Elderly", TRUE, "Out of Range" )} -> Adult | I59: 5 | J59: Kerala | K59: West | L59: =VLOOKUP(J59,Facts!$A$2:$B$10,2,FALSE) -> South | M59: =HLOOKUP(J59,Facts!$D$13:$L$14,2,FALSE) -> South | N59: =_xlfn.XLOOKUP(L59,Facts!$B$2:$B$10,Facts!$A$2:$A$10,FALSE) -> Tamil Nadu | O59: =TRIM(B59) -> Aditya Dev Sharma | P59: {=_xlfn.TEXTSPLIT(O59," ")} -> Aditya | Q59: Dev | R59: Sharma | S59: =CONCATENATE(A59,"_",P59,".pdf") -> PID0058_Aditya.pdf | T59: =IF(AND(I59<5,'Billing Details'!F59>10000),"High Priority","Regular Followup") -> Regular Followup | U59: =IF(AND(T59="High Priority",'Patient Health Records'!W59="Yes",'Patient Health Records'!X59 = "Critical"),"Needs Attention",IF(AND('Patient Health Records'!X59 <> "Critical", 'Patient Health Records'!W59 = "Yes"),"Monitor Later",IF(AND('Patient Health Records'!X59 ="Critical", 'Patient Health Records'!W59 = "No"), "Ask for Readmission","No Action"))) -> Monitor Later | V59: {=_xlfn.IFS(AND(T59="High Priority",'Patient Health Records'!W59="Yes",'Patient Health Records'!X59 = "Critical"),"Needs Attention", AND('Patient Health Records'!X59 <> "Critical", 'Patient Health Records'!W59 = "Yes"),"Monitor Later", AND('Patient Health Records'!X59 ="Critical", 'Patient Health Records'!W59 = "No"), "Ask for Readmission", TRUE, "No Action")} -> Monitor Later
A60: PID0059 | B60: Isha Patel | C60: Female | D60: 31/12/1978 | E60: =DATEVALUE(D60) -> 28855 | F60: =YEAR(E60) -> 1978 | G60: =$X$9-F60 -> 47 | H60: {=_xlfn.IFS( AND(G60>=21, G60<=30), "Young Adult", AND(G60>=31, G60<=45), "Adult", AND(G60>=46, G60<=60), "Middle-aged", AND(G60>=61, G60<=75), "Senior", AND(G60>=76, G60<=87), "Elderly", TRUE, "Out of Range" )} -> Middle-aged | I60: 20 | J60: Kerala | K60: West | L60: =VLOOKUP(J60,Facts!$A$2:$B$10,2,FALSE) -> South | M60: =HLOOKUP(J60,Facts!$D$13:$L$14,2,FALSE) -> South | N60: =_xlfn.XLOOKUP(L60,Facts!$B$2:$B$10,Facts!$A$2:$A$10,FALSE) -> Tamil Nadu | O60: =TRIM(B60) -> Isha Patel | P60: {=_xlfn.TEXTSPLIT(O60," ")} -> Isha | Q60: Patel | S60: =CONCATENATE(A60,"_",P60,".pdf") -> PID0059_Isha.pdf | T60: =IF(AND(I60<5,'Billing Details'!F60>10000),"High Priority","Regular Followup") -> Regular Followup | U60: =IF(AND(T60="High Priority",'Patient Health Records'!W60="Yes",'Patient Health Records'!X60 = "Critical"),"Needs Attention",IF(AND('Patient Health Records'!X60 <> "Critical", 'Patient Health Records'!W60 = "Yes"),"Monitor Later",IF(AND('Patient Health Records'!X60 ="Critical", 'Patient Health Records'!W60 = "No"), "Ask for Readmission","No Action"))) -> No Action | V60: {=_xlfn.IFS(AND(T60="High Priority",'Patient Health Records'!W60="Yes",'Patient Health Records'!X60 = "Critical"),"Needs Attention", AND('Patient Health Records'!X60 <> "Critical", 'Patient Health Records'!W60 = "Yes"),"Monitor Later", AND('Patient Health Records'!X60 ="Critical", 'Patient Health Records'!W60 = "No"), "Ask for Readmission", TRUE, "No Action")} -> No Action
A61: PID0060 | B61: Vivaan Reddy | C61: Male | D61: 01-01-1984 | E61: =DATEVALUE(D61) -> 30682 | F61: =YEAR(E61) -> 1984 | G61: =$X$9-F61 -> 41 | H61: {=_xlfn.IFS( AND(G61>=21, G61<=30), "Young Adult", AND(G61>=31, G61<=45), "Adult", AND(G61>=46, G61<=60), "Middle-aged", AND(G61>=61, G61<=75), "Senior", AND(G61>=76, G61<=87), "Elderly", TRUE, "Out of Range" )} -> Adult | I61: 1 | J61: Uttar Pradesh | K61: North | L61: =VLOOKUP(J61,Facts!$A$2:$B$10,2,FALSE) -> North | M61: =HLOOKUP(J61,Facts!$D$13:$L$14,2,FALSE) -> North | N61: =_xlfn.XLOOKUP(L61,Facts!$B$2:$B$10,Facts!$A$2:$A$10,FALSE) -> Punjab | O61: =TRIM(B61) -> Vivaan Reddy | P61: {=_xlfn.TEXTSPLIT(O61," ")} -> Vivaan | Q61: Reddy | S61: =CONCATENATE(A61,"_",P61,".pdf") -> PID0060_Vivaan.pdf | T61: =IF(AND(I61<5,'Billing Details'!F61>10000),"High Priority","Regular Followup") -> High Priority | U61: =IF(AND(T61="High Priority",'Patient Health Records'!W61="Yes",'Patient Health Records'!X61 = "Critical"),"Needs Attention",IF(AND('Patient Health Records'!X61 <> "Critical", 'Patient Health Records'!W61 = "Yes"),"Monitor Later",IF(AND('Patient Health Records'!X61 ="Critical", 'Patient Health Records'!W61 = "No"), "Ask for Readmission","No Action"))) -> Monitor Later | V61: {=_xlfn.IFS(AND(T61="High Priority",'Patient Health Records'!W61="Yes",'Patient Health Records'!X61 = "Critical"),"Needs Attention", AND('Patient Health Records'!X61 <> "Critical", 'Patient Health Records'!W61 = "Yes"),"Monitor Later", AND('Patient Health Records'!X61 ="Critical", 'Patient Health Records'!W61 = "No"), "Ask for Readmission", TRUE, "No Action")} -> Monitor Later
A62: PID0061 | B62: Aarav Reddy | C62: Male | D62: 31/12/1988 | E62: =DATEVALUE(D62) -> 32508 | F62: =YEAR(E62) -> 1988 | G62: =$X$9-F62 -> 37 | H62: {=_xlfn.IFS( AND(G62>=21, G62<=30), "Young Adult", AND(G62>=31, G62<=45), "Adult", AND(G62>=46, G62<=60), "Middle-aged", AND(G62>=61, G62<=75), "Senior", AND(G62>=76, G62<=87), "Elderly", TRUE, "Out of Range" )} -> Adult | I62: 15 | J62: Punjab | K62: West | L62: =VLOOKUP(J62,Facts!$A$2:$B$10,2,FALSE) -> North | M62: =HLOOKUP(J62,Facts!$D$13:$L$14,2,FALSE) -> North | N62: =_xlfn.XLOOKUP(L62,Facts!$B$2:$B$10,Facts!$A$2:$A$10,FALSE) -> Punjab | O62: =TRIM(B62) -> Aarav Reddy | P62: {=_xlfn.TEXTSPLIT(O62," ")} -> Aarav | Q62: Reddy | S62: =CONCATENATE(A62,"_",P62,".pdf") -> PID0061_Aarav.pdf | T62: =IF(AND(I62<5,'Billing Details'!F62>10000),"High Priority","Regular Followup") -> Regular Followup | U62: =IF(AND(T62="High Priority",'Patient Health Records'!W62="Yes",'Patient Health Records'!X62 = "Critical"),"Needs Attention",IF(AND('Patient Health Records'!X62 <> "Critical", 'Patient Health Records'!W62 = "Yes"),"Monitor Later",IF(AND('Patient Health Records'!X62 ="Critical", 'Patient Health Records'!W62 = "No"), "Ask for Readmission","No Action"))) -> No Action | V62: {=_xlfn.IFS(AND(T62="High Priority",'Patient Health Records'!W62="Yes",'Patient Health Records'!X62 = "Critical"),"Needs Attention", AND('Patient Health Records'!X62 <> "Critical", 'Patient Health Records'!W62 = "Yes"),"Monitor Later", AND('Patient Health Records'!X62 ="Critical", 'Patient Health Records'!W62 = "No"), "Ask for Readmission", TRUE, "No Action")} -> No Action
A63: PID0062 | B63: Shreya Mehta | C63: Female | D63: 31/12/1994 | E63: =DATEVALUE(D63) -> 34699 | F63: =YEAR(E63) -> 1994 | G63: =$X$9-F63 -> 31 | H63: {=_xlfn.IFS( AND(G63>=21, G63<=30), "Young Adult", AND(G63>=31, G63<=45), "Adult", AND(G63>=46, G63<=60), "Middle-aged", AND(G63>=61, G63<=75), "Senior", AND(G63>=76, G63<=87), "Elderly", TRUE, "Out of Range" )} -> Adult | I63: 2 | J63: Uttar Pradesh | K63: South | L63: =VLOOKUP(J63,Facts!$A$2:$B$10,2,FALSE) -> North | M63: =HLOOKUP(J63,Facts!$D$13:$L$14,2,FALSE) -> North | N63: =_xlfn.XLOOKUP(L63,Facts!$B$2:$B$10,Facts!$A$2:$A$10,FALSE) -> Punjab | O63: =TRIM(B63) -> Shreya Mehta | P63: {=_xlfn.TEXTSPLIT(O63," ")} -> Shreya | Q63: Mehta | S63: =CONCATENATE(A63,"_",P63,".pdf") -> PID0062_Shreya.pdf | T63: =IF(AND(I63<5,'Billing Details'!F63>10000),"High Priority","Regular Followup") -> High Priority | U63: =IF(AND(T63="High Priority",'Patient Health Records'!W63="Yes",'Patient Health Records'!X63 = "Critical"),"Needs Attention",IF(AND('Patient Health Records'!X63 <> "Critical", 'Patient Health Records'!W63 = "Yes"),"Monitor Later",IF(AND('Patient Health Records'!X63 ="Critical", 'Patient Health Records'!W63 = "No"), "Ask for Readmission","No Action"))) -> No Action | V63: {=_xlfn.IFS(AND(T63="High Priority",'Patient Health Records'!W63="Yes",'Patient Health Records'!X63 = "Critical"),"Needs Attention", AND('Patient Health Records'!X63 <> "Critical", 'Patient Health Records'!W63 = "Yes"),"Monitor Later", AND('Patient Health Records'!X63 ="Critical", 'Patient Health Records'!W63 = "No"), "Ask for Readmission", TRUE, "No Action")} -> No Action
A64: PID0063 | B64: Aditya Mehta | C64: Male | D64: 01-01-1984 | E64: =DATEVALUE(D64) -> 30682 | F64: =YEAR(E64) -> 1984 | G64: =$X$9-F64 -> 41 | H64: {=_xlfn.IFS( AND(G64>=21, G64<=30), "Young Adult", AND(G64>=31, G64<=45), "Adult", AND(G64>=46, G64<=60), "Middle-aged", AND(G64>=61, G64<=75), "Senior", AND(G64>=76, G64<=87), "Elderly", TRUE, "Out of Range" )} -> Adult | I64: 40 | J64: Gujarat | K64: South | L64: =VLOOKUP(J64,Facts!$A$2:$B$10,2,FALSE) -> West | M64: =HLOOKUP(J64,Facts!$D$13:$L$14,2,FALSE) -> West | N64: =_xlfn.XLOOKUP(L64,Facts!$B$2:$B$10,Facts!$A$2:$A$10,FALSE) -> Maharashtra | O64: =TRIM(B64) -> Aditya Mehta | P64: {=_xlfn.TEXTSPLIT(O64," ")} -> Aditya | Q64: Mehta | S64: =CONCATENATE(A64,"_",P64,".pdf") -> PID0063_Aditya.pdf | T64: =IF(AND(I64<5,'Billing Details'!F64>10000),"High Priority","Regular Followup") -> Regular Followup | U64: =IF(AND(T64="High Priority",'Patient Health Records'!W64="Yes",'Patient Health Records'!X64 = "Critical"),"Needs Attention",IF(AND('Patient Health Records'!X64 <> "Critical", 'Patient Health Records'!W64 = "Yes"),"Monitor Later",IF(AND('Patient Health Records'!X64 ="Critical", 'Patient Health Records'!W64 = "No"), "Ask for Readmission","No Action"))) -> Monitor Later | V64: {=_xlfn.IFS(AND(T64="High Priority",'Patient Health Records'!W64="Yes",'Patient Health Records'!X64 = "Critical"),"Needs Attention", AND('Patient Health Records'!X64 <> "Critical", 'Patient Health Records'!W64 = "Yes"),"Monitor Later", AND('Patient Health Records'!X64 ="Critical", 'Patient Health Records'!W64 = "No"), "Ask for Readmission", TRUE, "No Action")} -> Monitor Later
A65: PID0064 | B65: Isha Mehta | C65: Female | D65: 31/12/1985 | E65: =DATEVALUE(D65) -> 31412 | F65: =YEAR(E65) -> 1985 | G65: =$X$9-F65 -> 40 | H65: {=_xlfn.IFS( AND(G65>=21, G65<=30), "Young Adult", AND(G65>=31, G65<=45), "Adult", AND(G65>=46, G65<=60), "Middle-aged", AND(G65>=61, G65<=75), "Senior", AND(G65>=76, G65<=87), "Elderly", TRUE, "Out of Range" )} -> Adult | I65: 40 | J65: Gujarat | K65: West | L65: =VLOOKUP(J65,Facts!$A$2:$B$10,2,FALSE) -> West | M65: =HLOOKUP(J65,Facts!$D$13:$L$14,2,FALSE) -> West | N65: =_xlfn.XLOOKUP(L65,Facts!$B$2:$B$10,Facts!$A$2:$A$10,FALSE) -> Maharashtra | O65: =TRIM(B65) -> Isha Mehta | P65: {=_xlfn.TEXTSPLIT(O65," ")} -> Isha | Q65: Mehta | S65: =CONCATENATE(A65,"_",P65,".pdf") -> PID0064_Isha.pdf | T65: =IF(AND(I65<5,'Billing Details'!F65>10000),"High Priority","Regular Followup") -> Regular Followup | U65: =IF(AND(T65="High Priority",'Patient Health Records'!W65="Yes",'Patient Health Records'!X65 = "Critical"),"Needs Attention",IF(AND('Patient Health Records'!X65 <> "Critical", 'Patient Health Records'!W65 = "Yes"),"Monitor Later",IF(AND('Patient Health Records'!X65 ="Critical", 'Patient Health Records'!W65 = "No"), "Ask for Readmission","No Action"))) -> No Action | V65: {=_xlfn.IFS(AND(T65="High Priority",'Patient Health Records'!W65="Yes",'Patient Health Records'!X65 = "Critical"),"Needs Attention", AND('Patient Health Records'!X65 <> "Critical", 'Patient Health Records'!W65 = "Yes"),"Monitor Later", AND('Patient Health Records'!X65 ="Critical", 'Patient Health Records'!W65 = "No"), "Ask for Readmission", TRUE, "No Action")} -> No Action
A66: PID0065 | B66: Aarav Singh Reddy | C66: Male | D66: 31/12/1958 | E66: =DATEVALUE(D66) -> 21550 | F66: =YEAR(E66) -> 1958 | G66: =$X$9-F66 -> 67 | H66: {=_xlfn.IFS( AND(G66>=21, G66<=30), "Young Adult", AND(G66>=31, G66<=45), "Adult", AND(G66>=46, G66<=60), "Middle-aged", AND(G66>=61, G66<=75), "Senior", AND(G66>=76, G66<=87), "Elderly", TRUE, "Out of Range" )} -> Senior | I66: 12 | J66: Gujarat | K66: South | L66: =VLOOKUP(J66,Facts!$A$2:$B$10,2,FALSE) -> West | M66: =HLOOKUP(J66,Facts!$D$13:$L$14,2,FALSE) -> West | N66: =_xlfn.XLOOKUP(L66,Facts!$B$2:$B$10,Facts!$A$2:$A$10,FALSE) -> Maharashtra | O66: =TRIM(B66) -> Aarav Singh Reddy | P66: {=_xlfn.TEXTSPLIT(O66," ")} -> Aarav | Q66: Singh | R66: Reddy | S66: =CONCATENATE(A66,"_",P66,".pdf") -> PID0065_Aarav.pdf | T66: =IF(AND(I66<5,'Billing Details'!F66>10000),"High Priority","Regular Followup") -> Regular Followup | U66: =IF(AND(T66="High Priority",'Patient Health Records'!W66="Yes",'Patient Health Records'!X66 = "Critical"),"Needs Attention",IF(AND('Patient Health Records'!X66 <> "Critical", 'Patient Health Records'!W66 = "Yes"),"Monitor Later",IF(AND('Patient Health Records'!X66 ="Critical", 'Patient Health Records'!W66 = "No"), "Ask for Readmission","No Action"))) -> No Action | V66: {=_xlfn.IFS(AND(T66="High Priority",'Patient Health Records'!W66="Yes",'Patient Health Records'!X66 = "Critical"),"Needs Attention", AND('Patient Health Records'!X66 <> "Critical", 'Patient Health Records'!W66 = "Yes"),"Monitor Later", AND('Patient Health Records'!X66 ="Critical", 'Patient Health Records'!W66 = "No"), "Ask for Readmission", TRUE, "No Action")} -> No Action
A67: PID0066 | B67: Shreya Sharma | C67: Female | D67: 31/12/1988 | E67: =DATEVALUE(D67) -> 32508 | F67: =YEAR(E67) -> 1988 | G67: =$X$9-F67 -> 37 | H67: {=_xlfn.IFS( AND(G67>=21, G67<=30), "Young Adult", AND(G67>=31, G67<=45), "Adult", AND(G67>=46, G67<=60), "Middle-aged", AND(G67>=61, G67<=75), "Senior", AND(G67>=76, G67<=87), "Elderly", TRUE, "Out of Range" )} -> Adult | I67: 20 | J67: Maharashtra | K67: West | L67: =VLOOKUP(J67,Facts!$A$2:$B$10,2,FALSE) -> West | M67: =HLOOKUP(J67,Facts!$D$13:$L$14,2,FALSE) -> West | N67: =_xlfn.XLOOKUP(L67,Facts!$B$2:$B$10,Facts!$A$2:$A$10,FALSE) -> Maharashtra | O67: =TRIM(B67) -> Shreya Sharma | P67: {=_xlfn.TEXTSPLIT(O67," ")} -> Shreya | Q67: Sharma | S67: =CONCATENATE(A67,"_",P67,".pdf") -> PID0066_Shreya.pdf | T67: =IF(AND(I67<5,'Billing Details'!F67>10000),"High Priority","Regular Followup") -> Regular Followup | U67: =IF(AND(T67="High Priority",'Patient Health Records'!W67="Yes",'Patient Health Records'!X67 = "Critical"),"Needs Attention",IF(AND('Patient Health Records'!X67 <> "Critical", 'Patient Health Records'!W67 = "Yes"),"Monitor Later",IF(AND('Patient Health Records'!X67 ="Critical", 'Patient Health Records'!W67 = "No"), "Ask for Readmission","No Action"))) -> No Action | V67: {=_xlfn.IFS(AND(T67="High Priority",'Patient Health Records'!W67="Yes",'Patient Health Records'!X67 = "Critical"),"Needs Attention", AND('Patient Health Records'!X67 <> "Critical", 'Patient Health Records'!W67 = "Yes"),"Monitor Later", AND('Patient Health Records'!X67 ="Critical", 'Patient Health Records'!W67 = "No"), "Ask for Readmission", TRUE, "No Action")} -> No Action
A68: PID0067 | B68: Krishna Singh Mehta | C68: Male | D68: 31/12/1938 | E68: =DATEVALUE(D68) -> 14245 | F68: =YEAR(E68) -> 1938 | G68: =$X$9-F68 -> 87 | H68: {=_xlfn.IFS( AND(G68>=21, G68<=30), "Young Adult", AND(G68>=31, G68<=45), "Adult", AND(G68>=46, G68<=60), "Middle-aged", AND(G68>=61, G68<=75), "Senior", AND(G68>=76, G68<=87), "Elderly", TRUE, "Out of Range" )} -> Elderly | I68: 4 | J68: Punjab | K68: North | L68: =VLOOKUP(J68,Facts!$A$2:$B$10,2,FALSE) -> North | M68: =HLOOKUP(J68,Facts!$D$13:$L$14,2,FALSE) -> North | N68: =_xlfn.XLOOKUP(L68,Facts!$B$2:$B$10,Facts!$A$2:$A$10,FALSE) -> Punjab | O68: =TRIM(B68) -> Krishna Singh Mehta | P68: {=_xlfn.TEXTSPLIT(O68," ")} -> Krishna | Q68: Singh | R68: Mehta | S68: =CONCATENATE(A68,"_",P68,".pdf") -> PID0067_Krishna.pdf | T68: =IF(AND(I68<5,'Billing Details'!F68>10000),"High Priority","Regular Followup") -> High Priority | U68: =IF(AND(T68="High Priority",'Patient Health Records'!W68="Yes",'Patient Health Records'!X68 = "Critical"),"Needs Attention",IF(AND('Patient Health Records'!X68 <> "Critical", 'Patient Health Records'!W68 = "Yes"),"Monitor Later",IF(AND('Patient Health Records'!X68 ="Critical", 'Patient Health Records'!W68 = "No"), "Ask for Readmission","No Action"))) -> No Action | V68: {=_xlfn.IFS(AND(T68="High Priority",'Patient Health Records'!W68="Yes",'Patient Health Records'!X68 = "Critical"),"Needs Attention", AND('Patient Health Records'!X68 <> "Critical", 'Patient Health Records'!W68 = "Yes"),"Monitor Later", AND('Patient Health Records'!X68 ="Critical", 'Patient Health Records'!W68 = "No"), "Ask for Readmission", TRUE, "No Action")} -> No Action
A69: PID0068 | B69: Sai Reddy | C69: Male | D69: 31/12/1968 | E69: =DATEVALUE(D69) -> 25203 | F69: =YEAR(E69) -> 1968 | G69: =$X$9-F69 -> 57 | H69: {=_xlfn.IFS( AND(G69>=21, G69<=30), "Young Adult", AND(G69>=31, G69<=45), "Adult", AND(G69>=46, G69<=60), "Middle-aged", AND(G69>=61, G69<=75), "Senior", AND(G69>=76, G69<=87), "Elderly", TRUE, "Out of Range" )} -> Middle-aged | I69: 5 | J69: Karnataka | K69: South | L69: =VLOOKUP(J69,Facts!$A$2:$B$10,2,FALSE) -> South | M69: =HLOOKUP(J69,Facts!$D$13:$L$14,2,FALSE) -> South | N69: =_xlfn.XLOOKUP(L69,Facts!$B$2:$B$10,Facts!$A$2:$A$10,FALSE) -> Tamil Nadu | O69: =TRIM(B69) -> Sai Reddy | P69: {=_xlfn.TEXTSPLIT(O69," ")} -> Sai | Q69: Reddy | S69: =CONCATENATE(A69,"_",P69,".pdf") -> PID0068_Sai.pdf | T69: =IF(AND(I69<5,'Billing Details'!F69>10000),"High Priority","Regular Followup") -> Regular Followup | U69: =IF(AND(T69="High Priority",'Patient Health Records'!W69="Yes",'Patient Health Records'!X69 = "Critical"),"Needs Attention",IF(AND('Patient Health Records'!X69 <> "Critical", 'Patient Health Records'!W69 = "Yes"),"Monitor Later",IF(AND('Patient Health Records'!X69 ="Critical", 'Patient Health Records'!W69 = "No"), "Ask for Readmission","No Action"))) -> No Action | V69: {=_xlfn.IFS(AND(T69="High Priority",'Patient Health Records'!W69="Yes",'Patient Health Records'!X69 = "Critical"),"Needs Attention", AND('Patient Health Records'!X69 <> "Critical", 'Patient Health Records'!W69 = "Yes"),"Monitor Later", AND('Patient Health Records'!X69 ="Critical", 'Patient Health Records'!W69 = "No"), "Ask for Readmission", TRUE, "No Action")} -> No Action
A70: PID0069 | B70: Aanya Mehta | C70: Female | D70: 01/01/1964 | E70: =DATEVALUE(D70) -> 23377 | F70: =YEAR(E70) -> 1964 | G70: =$X$9-F70 -> 61 | H70: {=_xlfn.IFS( AND(G70>=21, G70<=30), "Young Adult", AND(G70>=31, G70<=45), "Adult", AND(G70>=46, G70<=60), "Middle-aged", AND(G70>=61, G70<=75), "Senior", AND(G70>=76, G70<=87), "Elderly", TRUE, "Out of Range" )} -> Senior | I70: 50 | J70: Maharashtra | K70: East | L70: =VLOOKUP(J70,Facts!$A$2:$B$10,2,FALSE) -> West | M70: =HLOOKUP(J70,Facts!$D$13:$L$14,2,FALSE) -> West | N70: =_xlfn.XLOOKUP(L70,Facts!$B$2:$B$10,Facts!$A$2:$A$10,FALSE) -> Maharashtra | O70: =TRIM(B70) -> Aanya Mehta | P70: {=_xlfn.TEXTSPLIT(O70," ")} -> Aanya | Q70: Mehta | S70: =CONCATENATE(A70,"_",P70,".pdf") -> PID0069_Aanya.pdf | T70: =IF(AND(I70<5,'Billing Details'!F70>10000),"High Priority","Regular Followup") -> Regular Followup | U70: =IF(AND(T70="High Priority",'Patient Health Records'!W70="Yes",'Patient Health Records'!X70 = "Critical"),"Needs Attention",IF(AND('Patient Health Records'!X70 <> "Critical", 'Patient Health Records'!W70 = "Yes"),"Monitor Later",IF(AND('Patient Health Records'!X70 ="Critical", 'Patient Health Records'!W70 = "No"), "Ask for Readmission","No Action"))) -> No Action | V70: {=_xlfn.IFS(AND(T70="High Priority",'Patient Health Records'!W70="Yes",'Patient Health Records'!X70 = "Critical"),"Needs Attention", AND('Patient Health Records'!X70 <> "Critical", 'Patient Health Records'!W70 = "Yes"),"Monitor Later", AND('Patient Health Records'!X70 ="Critical", 'Patient Health Records'!W70 = "No"), "Ask for Readmission", TRUE, "No Action")} -> No Action
A71: PID0070 | B71: Riya Reddy | C71: Female | D71: 31/12/1993 | E71: =DATEVALUE(D71) -> 34334 | F71: =YEAR(E71) -> 1993 | G71: =$X$9-F71 -> 32 | H71: {=_xlfn.IFS( AND(G71>=21, G71<=30), "Young Adult", AND(G71>=31, G71<=45), "Adult", AND(G71>=46, G71<=60), "Middle-aged", AND(G71>=61, G71<=75), "Senior", AND(G71>=76, G71<=87), "Elderly", TRUE, "Out of Range" )} -> Adult | I71: 0.5 | J71: Uttar Pradesh | K71: North | L71: =VLOOKUP(J71,Facts!$A$2:$B$10,2,FALSE) -> North | M71: =HLOOKUP(J71,Facts!$D$13:$L$14,2,FALSE) -> North | N71: =_xlfn.XLOOKUP(L71,Facts!$B$2:$B$10,Facts!$A$2:$A$10,FALSE) -> Punjab | O71: =TRIM(B71) -> Riya Reddy | P71: {=_xlfn.TEXTSPLIT(O71," ")} -> Riya | Q71: Reddy | S71: =CONCATENATE(A71,"_",P71,".pdf") -> PID0070_Riya.pdf | T71: =IF(AND(I71<5,'Billing Details'!F71>10000),"High Priority","Regular Followup") -> High Priority | U71: =IF(AND(T71="High Priority",'Patient Health Records'!W71="Yes",'Patient Health Records'!X71 = "Critical"),"Needs Attention",IF(AND('Patient Health Records'!X71 <> "Critical", 'Patient Health Records'!W71 = "Yes"),"Monitor Later",IF(AND('Patient Health Records'!X71 ="Critical", 'Patient Health Records'!W71 = "No"), "Ask for Readmission","No Action"))) -> Monitor Later | V71: {=_xlfn.IFS(AND(T71="High Priority",'Patient Health Records'!W71="Yes",'Patient Health Records'!X71 = "Critical"),"Needs Attention", AND('Patient Health Records'!X71 <> "Critical", 'Patient Health Records'!W71 = "Yes"),"Monitor Later", AND('Patient Health Records'!X71 ="Critical", 'Patient Health Records'!W71 = "No"), "Ask for Readmission", TRUE, "No Action")} -> Monitor Later
A72: PID0071 | B72: Sai Sharma | C72: Male | D72: 01/01/1964 | E72: =DATEVALUE(D72) -> 23377 | F72: =YEAR(E72) -> 1964 | G72: =$X$9-F72 -> 61 | H72: {=_xlfn.IFS( AND(G72>=21, G72<=30), "Young Adult", AND(G72>=31, G72<=45), "Adult", AND(G72>=46, G72<=60), "Middle-aged", AND(G72>=61, G72<=75), "Senior", AND(G72>=76, G72<=87), "Elderly", TRUE, "Out of Range" )} -> Senior | I72: 15 | J72: Kerala | K72: South | L72: =VLOOKUP(J72,Facts!$A$2:$B$10,2,FALSE) -> South | M72: =HLOOKUP(J72,Facts!$D$13:$L$14,2,FALSE) -> South | N72: =_xlfn.XLOOKUP(L72,Facts!$B$2:$B$10,Facts!$A$2:$A$10,FALSE) -> Tamil Nadu | O72: =TRIM(B72) -> Sai Sharma | P72: {=_xlfn.TEXTSPLIT(O72," ")} -> Sai | Q72: Sharma | S72: =CONCATENATE(A72,"_",P72,".pdf") -> PID0071_Sai.pdf | T72: =IF(AND(I72<5,'Billing Details'!F72>10000),"High Priority","Regular Followup") -> Regular Followup | U72: =IF(AND(T72="High Priority",'Patient Health Records'!W72="Yes",'Patient Health Records'!X72 = "Critical"),"Needs Attention",IF(AND('Patient Health Records'!X72 <> "Critical", 'Patient Health Records'!W72 = "Yes"),"Monitor Later",IF(AND('Patient Health Records'!X72 ="Critical", 'Patient Health Records'!W72 = "No"), "Ask for Readmission","No Action"))) -> Monitor Later | V72: {=_xlfn.IFS(AND(T72="High Priority",'Patient Health Records'!W72="Yes",'Patient Health Records'!X72 = "Critical"),"Needs Attention", AND('Patient Health Records'!X72 <> "Critical", 'Patient Health Records'!W72 = "Yes"),"Monitor Later", AND('Patient Health Records'!X72 ="Critical", 'Patient Health Records'!W72 = "No"), "Ask for Readmission", TRUE, "No Action")} -> Monitor Later
A73: PID0072 | B73: Aanya Sharma | C73: Female | D73: 31/12/1994 | E73: =DATEVALUE(D73) -> 34699 | F73: =YEAR(E73) -> 1994 | G73: =$X$9-F73 -> 31 | H73: {=_xlfn.IFS( AND(G73>=21, G73<=30), "Young Adult", AND(G73>=31, G73<=45), "Adult", AND(G73>=46, G73<=60), "Middle-aged", AND(G73>=61, G73<=75), "Senior", AND(G73>=76, G73<=87), "Elderly", TRUE, "Out of Range" )} -> Adult | I73: 7 | J73: Maharashtra | K73: West | L73: =VLOOKUP(J73,Facts!$A$2:$B$10,2,FALSE) -> West | M73: =HLOOKUP(J73,Facts!$D$13:$L$14,2,FALSE) -> West | N73: =_xlfn.XLOOKUP(L73,Facts!$B$2:$B$10,Facts!$A$2:$A$10,FALSE) -> Maharashtra | O73: =TRIM(B73) -> Aanya Sharma | P73: {=_xlfn.TEXTSPLIT(O73," ")} -> Aanya | Q73: Sharma | S73: =CONCATENATE(A73,"_",P73,".pdf") -> PID0072_Aanya.pdf | T73: =IF(AND(I73<5,'Billing Details'!F73>10000),"High Priority","Regular Followup") -> Regular Followup | U73: =IF(AND(T73="High Priority",'Patient Health Records'!W73="Yes",'Patient Health Records'!X73 = "Critical"),"Needs Attention",IF(AND('Patient Health Records'!X73 <> "Critical", 'Patient Health Records'!W73 = "Yes"),"Monitor Later",IF(AND('Patient Health Records'!X73 ="Critical", 'Patient Health Records'!W73 = "No"), "Ask for Readmission","No Action"))) -> Ask for Readmission | V73: {=_xlfn.IFS(AND(T73="High Priority",'Patient Health Records'!W73="Yes",'Patient Health Records'!X73 = "Critical"),"Needs Attention", AND('Patient Health Records'!X73 <> "Critical", 'Patient Health Records'!W73 = "Yes"),"Monitor Later", AND('Patient Health Records'!X73 ="Critical", 'Patient Health Records'!W73 = "No"), "Ask for Readmission", TRUE, "No Action")} -> Ask for Readmission
A74: PID0073 | B74: Isha Sharma | C74: Female | D74: 31/12/1998 | E74: =DATEVALUE(D74) -> 36160 | F74: =YEAR(E74) -> 1998 | G74: =$X$9-F74 -> 27 | H74: {=_xlfn.IFS( AND(G74>=21, G74<=30), "Young Adult", AND(G74>=31, G74<=45), "Adult", AND(G74>=46, G74<=60), "Middle-aged", AND(G74>=61, G74<=75), "Senior", AND(G74>=76, G74<=87), "Elderly", TRUE, "Out of Range" )} -> Young Adult | I74: 15 | J74: Gujarat | K74: West | L74: =VLOOKUP(J74,Facts!$A$2:$B$10,2,FALSE) -> West | M74: =HLOOKUP(J74,Facts!$D$13:$L$14,2,FALSE) -> West | N74: =_xlfn.XLOOKUP(L74,Facts!$B$2:$B$10,Facts!$A$2:$A$10,FALSE) -> Maharashtra | O74: =TRIM(B74) -> Isha Sharma | P74: {=_xlfn.TEXTSPLIT(O74," ")} -> Isha | Q74: Sharma | S74: =CONCATENATE(A74,"_",P74,".pdf") -> PID0073_Isha.pdf | T74: =IF(AND(I74<5,'Billing Details'!F74>10000),"High Priority","Regular Followup") -> Regular Followup | U74: =IF(AND(T74="High Priority",'Patient Health Records'!W74="Yes",'Patient Health Records'!X74 = "Critical"),"Needs Attention",IF(AND('Patient Health Records'!X74 <> "Critical", 'Patient Health Records'!W74 = "Yes"),"Monitor Later",IF(AND('Patient Health Records'!X74 ="Critical", 'Patient Health Records'!W74 = "No"), "Ask for Readmission","No Action"))) -> Monitor Later | V74: {=_xlfn.IFS(AND(T74="High Priority",'Patient Health Records'!W74="Yes",'Patient Health Records'!X74 = "Critical"),"Needs Attention", AND('Patient Health Records'!X74 <> "Critical", 'Patient Health Records'!W74 = "Yes"),"Monitor Later", AND('Patient Health Records'!X74 ="Critical", 'Patient Health Records'!W74 = "No"), "Ask for Readmission", TRUE, "No Action")} -> Monitor Later
A75: PID0074 | B75: Sai Reddy | C75: Male | D75: 31/12/1968 | E75: =DATEVALUE(D75) -> 25203 | F75: =YEAR(E75) -> 1968 | G75: =$X$9-F75 -> 57 | H75: {=_xlfn.IFS( AND(G75>=21, G75<=30), "Young Adult", AND(G75>=31, G75<=45), "Adult", AND(G75>=46, G75<=60), "Middle-aged", AND(G75>=61, G75<=75), "Senior", AND(G75>=76, G75<=87), "Elderly", TRUE, "Out of Range" )} -> Middle-aged | I75: 25 | J75: Tamil Nadu | K75: East | L75: =VLOOKUP(J75,Facts!$A$2:$B$10,2,FALSE) -> South | M75: =HLOOKUP(J75,Facts!$D$13:$L$14,2,FALSE) -> South | N75: =_xlfn.XLOOKUP(L75,Facts!$B$2:$B$10,Facts!$A$2:$A$10,FALSE) -> Tamil Nadu | O75: =TRIM(B75) -> Sai Reddy | P75: {=_xlfn.TEXTSPLIT(O75," ")} -> Sai | Q75: Reddy | S75: =CONCATENATE(A75,"_",P75,".pdf") -> PID0074_Sai.pdf | T75: =IF(AND(I75<5,'Billing Details'!F75>10000),"High Priority","Regular Followup") -> Regular Followup | U75: =IF(AND(T75="High Priority",'Patient Health Records'!W75="Yes",'Patient Health Records'!X75 = "Critical"),"Needs Attention",IF(AND('Patient Health Records'!X75 <> "Critical", 'Patient Health Records'!W75 = "Yes"),"Monitor Later",IF(AND('Patient Health Records'!X75 ="Critical", 'Patient Health Records'!W75 = "No"), "Ask for Readmission","No Action"))) -> No Action | V75: {=_xlfn.IFS(AND(T75="High Priority",'Patient Health Records'!W75="Yes",'Patient Health Records'!X75 = "Critical"),"Needs Attention", AND('Patient Health Records'!X75 <> "Critical", 'Patient Health Records'!W75 = "Yes"),"Monitor Later", AND('Patient Health Records'!X75 ="Critical", 'Patient Health Records'!W75 = "No"), "Ask for Readmission", TRUE, "No Action")} -> No Action
A76: PID0075 | B76: Aditya Patel | C76: Male | D76: 31/12/1968 | E76: =DATEVALUE(D76) -> 25203 | F76: =YEAR(E76) -> 1968 | G76: =$X$9-F76 -> 57 | H76: {=_xlfn.IFS( AND(G76>=21, G76<=30), "Young Adult", AND(G76>=31, G76<=45), "Adult", AND(G76>=46, G76<=60), "Middle-aged", AND(G76>=61, G76<=75), "Senior", AND(G76>=76, G76<=87), "Elderly", TRUE, "Out of Range" )} -> Middle-aged | I76: 2 | J76: Tamil Nadu | K76: East | L76: =VLOOKUP(J76,Facts!$A$2:$B$10,2,FALSE) -> South | M76: =HLOOKUP(J76,Facts!$D$13:$L$14,2,FALSE) -> South | N76: =_xlfn.XLOOKUP(L76,Facts!$B$2:$B$10,Facts!$A$2:$A$10,FALSE) -> Tamil Nadu | O76: =TRIM(B76) -> Aditya Patel | P76: {=_xlfn.TEXTSPLIT(O76," ")} -> Aditya | Q76: Patel | S76: =CONCATENATE(A76,"_",P76,".pdf") -> PID0075_Aditya.pdf | T76: =IF(AND(I76<5,'Billing Details'!F76>10000),"High Priority","Regular Followup") -> High Priority | U76: =IF(AND(T76="High Priority",'Patient Health Records'!W76="Yes",'Patient Health Records'!X76 = "Critical"),"Needs Attention",IF(AND('Patient Health Records'!X76 <> "Critical", 'Patient Health Records'!W76 = "Yes"),"Monitor Later",IF(AND('Patient Health Records'!X76 ="Critical", 'Patient Health Records'!W76 = "No"), "Ask for Readmission","No Action"))) -> Ask for Readmission | V76: {=_xlfn.IFS(AND(T76="High Priority",'Patient Health Records'!W76="Yes",'Patient Health Records'!X76 = "Critical"),"Needs Attention", AND('Patient Health Records'!X76 <> "Critical", 'Patient Health Records'!W76 = "Yes"),"Monitor Later", AND('Patient Health Records'!X76 ="Critical", 'Patient Health Records'!W76 = "No"), "Ask for Readmission", TRUE, "No Action")} -> Ask for Readmission
A77: PID0076 | B77: Vivaan Mehta | C77: Male | D77: 31/12/1978 | E77: =DATEVALUE(D77) -> 28855 | F77: =YEAR(E77) -> 1978 | G77: =$X$9-F77 -> 47 | H77: {=_xlfn.IFS( AND(G77>=21, G77<=30), "Young Adult", AND(G77>=31, G77<=45), "Adult", AND(G77>=46, G77<=60), "Middle-aged", AND(G77>=61, G77<=75), "Senior", AND(G77>=76, G77<=87), "Elderly", TRUE, "Out of Range" )} -> Middle-aged | I77: 20 | J77: West Bengal | K77: West | L77: =VLOOKUP(J77,Facts!$A$2:$B$10,2,FALSE) -> East | M77: =HLOOKUP(J77,Facts!$D$13:$L$14,2,FALSE) -> East | N77: =_xlfn.XLOOKUP(L77,Facts!$B$2:$B$10,Facts!$A$2:$A$10,FALSE) -> West Bengal | O77: =TRIM(B77) -> Vivaan Mehta | P77: {=_xlfn.TEXTSPLIT(O77," ")} -> Vivaan | Q77: Mehta | S77: =CONCATENATE(A77,"_",P77,".pdf") -> PID0076_Vivaan.pdf | T77: =IF(AND(I77<5,'Billing Details'!F77>10000),"High Priority","Regular Followup") -> Regular Followup | U77: =IF(AND(T77="High Priority",'Patient Health Records'!W77="Yes",'Patient Health Records'!X77 = "Critical"),"Needs Attention",IF(AND('Patient Health Records'!X77 <> "Critical", 'Patient Health Records'!W77 = "Yes"),"Monitor Later",IF(AND('Patient Health Records'!X77 ="Critical", 'Patient Health Records'!W77 = "No"), "Ask for Readmission","No Action"))) -> Monitor Later | V77: {=_xlfn.IFS(AND(T77="High Priority",'Patient Health Records'!W77="Yes",'Patient Health Records'!X77 = "Critical"),"Needs Attention", AND('Patient Health Records'!X77 <> "Critical", 'Patient Health Records'!W77 = "Yes"),"Monitor Later", AND('Patient Health Records'!X77 ="Critical", 'Patient Health Records'!W77 = "No"), "Ask for Readmission", TRUE, "No Action")} -> Monitor Later
A78: PID0077 | B78: Diya Sharma | C78: Female | D78: 31/12/1988 | E78: =DATEVALUE(D78) -> 32508 | F78: =YEAR(E78) -> 1988 | G78: =$X$9-F78 -> 37 | H78: {=_xlfn.IFS( AND(G78>=21, G78<=30), "Young Adult", AND(G78>=31, G78<=45), "Adult", AND(G78>=46, G78<=60), "Middle-aged", AND(G78>=61, G78<=75), "Senior", AND(G78>=76, G78<=87), "Elderly", TRUE, "Out of Range" )} -> Adult | I78: 4 | J78: Tamil Nadu | K78: South | L78: =VLOOKUP(J78,Facts!$A$2:$B$10,2,FALSE) -> South | M78: =HLOOKUP(J78,Facts!$D$13:$L$14,2,FALSE) -> South | N78: =_xlfn.XLOOKUP(L78,Facts!$B$2:$B$10,Facts!$A$2:$A$10,FALSE) -> Tamil Nadu | O78: =TRIM(B78) -> Diya Sharma | P78: {=_xlfn.TEXTSPLIT(O78," ")} -> Diya | Q78: Sharma | S78: =CONCATENATE(A78,"_",P78,".pdf") -> PID0077_Diya.pdf | T78: =IF(AND(I78<5,'Billing Details'!F78>10000),"High Priority","Regular Followup") -> High Priority | U78: =IF(AND(T78="High Priority",'Patient Health Records'!W78="Yes",'Patient Health Records'!X78 = "Critical"),"Needs Attention",IF(AND('Patient Health Records'!X78 <> "Critical", 'Patient Health Records'!W78 = "Yes"),"Monitor Later",IF(AND('Patient Health Records'!X78 ="Critical", 'Patient Health Records'!W78 = "No"), "Ask for Readmission","No Action"))) -> Needs Attention | V78: {=_xlfn.IFS(AND(T78="High Priority",'Patient Health Records'!W78="Yes",'Patient Health Records'!X78 = "Critical"),"Needs Attention", AND('Patient Health Records'!X78 <> "Critical", 'Patient Health Records'!W78 = "Yes"),"Monitor Later", AND('Patient Health Records'!X78 ="Critical", 'Patient Health Records'!W78 = "No"), "Ask for Readmission", TRUE, "No Action")} -> Needs Attention
A79: PID0078 | B79: Shreya Mehta | C79: Female | D79: 31/12/1988 | E79: =DATEVALUE(D79) -> 32508 | F79: =YEAR(E79) -> 1988 | G79: =$X$9-F79 -> 37 | H79: {=_xlfn.IFS( AND(G79>=21, G79<=30), "Young Adult", AND(G79>=31, G79<=45), "Adult", AND(G79>=46, G79<=60), "Middle-aged", AND(G79>=61, G79<=75), "Senior", AND(G79>=76, G79<=87), "Elderly", TRUE, "Out of Range" )} -> Adult | I79: 2 | J79: Uttar Pradesh | K79: West | L79: =VLOOKUP(J79,Facts!$A$2:$B$10,2,FALSE) -> North | M79: =HLOOKUP(J79,Facts!$D$13:$L$14,2,FALSE) -> North | N79: =_xlfn.XLOOKUP(L79,Facts!$B$2:$B$10,Facts!$A$2:$A$10,FALSE) -> Punjab | O79: =TRIM(B79) -> Shreya Mehta | P79: {=_xlfn.TEXTSPLIT(O79," ")} -> Shreya | Q79: Mehta | S79: =CONCATENATE(A79,"_",P79,".pdf") -> PID0078_Shreya.pdf | T79: =IF(AND(I79<5,'Billing Details'!F79>10000),"High Priority","Regular Followup") -> High Priority | U79: =IF(AND(T79="High Priority",'Patient Health Records'!W79="Yes",'Patient Health Records'!X79 = "Critical"),"Needs Attention",IF(AND('Patient Health Records'!X79 <> "Critical", 'Patient Health Records'!W79 = "Yes"),"Monitor Later",IF(AND('Patient Health Records'!X79 ="Critical", 'Patient Health Records'!W79 = "No"), "Ask for Readmission","No Action"))) -> Ask for Readmission | V79: {=_xlfn.IFS(AND(T79="High Priority",'Patient Health Records'!W79="Yes",'Patient Health Records'!X79 = "Critical"),"Needs Attention", AND('Patient Health Records'!X79 <> "Critical", 'Patient Health Records'!W79 = "Yes"),"Monitor Later", AND('Patient Health Records'!X79 ="Critical", 'Patient Health Records'!W79 = "No"), "Ask for Readmission", TRUE, "No Action")} -> Ask for Readmission
A80: PID0079 | B80: Diya Raj Reddy | C80: Female | D80: 31/12/1993 | E80: =DATEVALUE(D80) -> 34334 | F80: =YEAR(E80) -> 1993 | G80: =$X$9-F80 -> 32 | H80: {=_xlfn.IFS( AND(G80>=21, G80<=30), "Young Adult", AND(G80>=31, G80<=45), "Adult", AND(G80>=46, G80<=60), "Middle-aged", AND(G80>=61, G80<=75), "Senior", AND(G80>=76, G80<=87), "Elderly", TRUE, "Out of Range" )} -> Adult | I80: 4 | J80: Punjab | K80: West | L80: =VLOOKUP(J80,Facts!$A$2:$B$10,2,FALSE) -> North | M80: =HLOOKUP(J80,Facts!$D$13:$L$14,2,FALSE) -> North | N80: =_xlfn.XLOOKUP(L80,Facts!$B$2:$B$10,Facts!$A$2:$A$10,FALSE) -> Punjab | O80: =TRIM(B80) -> Diya Raj Reddy | P80: {=_xlfn.TEXTSPLIT(O80," ")} -> Diya | Q80: Raj | R80: Reddy | S80: =CONCATENATE(A80,"_",P80,".pdf") -> PID0079_Diya.pdf | T80: =IF(AND(I80<5,'Billing Details'!F80>10000),"High Priority","Regular Followup") -> High Priority | U80: =IF(AND(T80="High Priority",'Patient Health Records'!W80="Yes",'Patient Health Records'!X80 = "Critical"),"Needs Attention",IF(AND('Patient Health Records'!X80 <> "Critical", 'Patient Health Records'!W80 = "Yes"),"Monitor Later",IF(AND('Patient Health Records'!X80 ="Critical", 'Patient Health Records'!W80 = "No"), "Ask for Readmission","No Action"))) -> Monitor Later | V80: {=_xlfn.IFS(AND(T80="High Priority",'Patient Health Records'!W80="Yes",'Patient Health Records'!X80 = "Critical"),"Needs Attention", AND('Patient Health Records'!X80 <> "Critical", 'Patient Health Records'!W80 = "Yes"),"Monitor Later", AND('Patient Health Records'!X80 ="Critical", 'Patient Health Records'!W80 = "No"), "Ask for Readmission", TRUE, "No Action")} -> Monitor Later
A81: PID0080 | B81: Vivaan Kumar Mehta | C81: Male | D81: 31/12/1988 | E81: =DATEVALUE(D81) -> 32508 | F81: =YEAR(E81) -> 1988 | G81: =$X$9-F81 -> 37 | H81: {=_xlfn.IFS( AND(G81>=21, G81<=30), "Young Adult", AND(G81>=31, G81<=45), "Adult", AND(G81>=46, G81<=60), "Middle-aged", AND(G81>=61, G81<=75), "Senior", AND(G81>=76, G81<=87), "Elderly", TRUE, "Out of Range" )} -> Adult | I81: 12 | J81: Maharashtra | K81: South | L81: =VLOOKUP(J81,Facts!$A$2:$B$10,2,FALSE) -> West | M81: =HLOOKUP(J81,Facts!$D$13:$L$14,2,FALSE) -> West | N81: =_xlfn.XLOOKUP(L81,Facts!$B$2:$B$10,Facts!$A$2:$A$10,FALSE) -> Maharashtra | O81: =TRIM(B81) -> Vivaan Kumar Mehta | P81: {=_xlfn.TEXTSPLIT(O81," ")} -> Vivaan | Q81: Kumar | R81: Mehta | S81: =CONCATENATE(A81,"_",P81,".pdf") -> PID0080_Vivaan.pdf | T81: =IF(AND(I81<5,'Billing Details'!F81>10000),"High Priority","Regular Followup") -> Regular Followup | U81: =IF(AND(T81="High Priority",'Patient Health Records'!W81="Yes",'Patient Health Records'!X81 = "Critical"),"Needs Attention",IF(AND('Patient Health Records'!X81 <> "Critical", 'Patient Health Records'!W81 = "Yes"),"Monitor Later",IF(AND('Patient Health Records'!X81 ="Critical", 'Patient Health Records'!W81 = "No"), "Ask for Readmission","No Action"))) -> Monitor Later | V81: {=_xlfn.IFS(AND(T81="High Priority",'Patient Health Records'!W81="Yes",'Patient Health Records'!X81 = "Critical"),"Needs Attention", AND('Patient Health Records'!X81 <> "Critical", 'Patient Health Records'!W81 = "Yes"),"Monitor Later", AND('Patient Health Records'!X81 ="Critical", 'Patient Health Records'!W81 = "No"), "Ask for Readmission", TRUE, "No Action")} -> Monitor Later
A82: PID0081 | B82: Aditya Sharma | C82: Male | D82: 01/01/1964 | E82: =DATEVALUE(D82) -> 23377 | F82: =YEAR(E82) -> 1964 | G82: =$X$9-F82 -> 61 | H82: {=_xlfn.IFS( AND(G82>=21, G82<=30), "Young Adult", AND(G82>=31, G82<=45), "Adult", AND(G82>=46, G82<=60), "Middle-aged", AND(G82>=61, G82<=75), "Senior", AND(G82>=76, G82<=87), "Elderly", TRUE, "Out of Range" )} -> Senior | I82: 20 | J82: Kerala | K82: South | L82: =VLOOKUP(J82,Facts!$A$2:$B$10,2,FALSE) -> South | M82: =HLOOKUP(J82,Facts!$D$13:$L$14,2,FALSE) -> South | N82: =_xlfn.XLOOKUP(L82,Facts!$B$2:$B$10,Facts!$A$2:$A$10,FALSE) -> Tamil Nadu | O82: =TRIM(B82) -> Aditya Sharma | P82: {=_xlfn.TEXTSPLIT(O82," ")} -> Aditya | Q82: Sharma | S82: =CONCATENATE(A82,"_",P82,".pdf") -> PID0081_Aditya.pdf | T82: =IF(AND(I82<5,'Billing Details'!F82>10000),"High Priority","Regular Followup") -> Regular Followup | U82: =IF(AND(T82="High Priority",'Patient Health Records'!W82="Yes",'Patient Health Records'!X82 = "Critical"),"Needs Attention",IF(AND('Patient Health Records'!X82 <> "Critical", 'Patient Health Records'!W82 = "Yes"),"Monitor Later",IF(AND('Patient Health Records'!X82 ="Critical", 'Patient Health Records'!W82 = "No"), "Ask for Readmission","No Action"))) -> No Action | V82: {=_xlfn.IFS(AND(T82="High Priority",'Patient Health Records'!W82="Yes",'Patient Health Records'!X82 = "Critical"),"Needs Attention", AND('Patient Health Records'!X82 <> "Critical", 'Patient Health Records'!W82 = "Yes"),"Monitor Later", AND('Patient Health Records'!X82 ="Critical", 'Patient Health Records'!W82 = "No"), "Ask for Readmission", TRUE, "No Action")} -> No Action
A83: PID0082 | B83: Isha Patel | C83: Female | D83: 31/12/1958 | E83: =DATEVALUE(D83) -> 21550 | F83: =YEAR(E83) -> 1958 | G83: =$X$9-F83 -> 67 | H83: {=_xlfn.IFS( AND(G83>=21, G83<=30), "Young Adult", AND(G83>=31, G83<=45), "Adult", AND(G83>=46, G83<=60), "Middle-aged", AND(G83>=61, G83<=75), "Senior", AND(G83>=76, G83<=87), "Elderly", TRUE, "Out of Range" )} -> Senior | I83: 15 | J83: West Bengal | K83: East | L83: =VLOOKUP(J83,Facts!$A$2:$B$10,2,FALSE) -> East | M83: =HLOOKUP(J83,Facts!$D$13:$L$14,2,FALSE) -> East | N83: =_xlfn.XLOOKUP(L83,Facts!$B$2:$B$10,Facts!$A$2:$A$10,FALSE) -> West Bengal | O83: =TRIM(B83) -> Isha Patel | P83: {=_xlfn.TEXTSPLIT(O83," ")} -> Isha | Q83: Patel | S83: =CONCATENATE(A83,"_",P83,".pdf") -> PID0082_Isha.pdf | T83: =IF(AND(I83<5,'Billing Details'!F83>10000),"High Priority","Regular Followup") -> Regular Followup | U83: =IF(AND(T83="High Priority",'Patient Health Records'!W83="Yes",'Patient Health Records'!X83 = "Critical"),"Needs Attention",IF(AND('Patient Health Records'!X83 <> "Critical", 'Patient Health Records'!W83 = "Yes"),"Monitor Later",IF(AND('Patient Health Records'!X83 ="Critical", 'Patient Health Records'!W83 = "No"), "Ask for Readmission","No Action"))) -> Monitor Later | V83: {=_xlfn.IFS(AND(T83="High Priority",'Patient Health Records'!W83="Yes",'Patient Health Records'!X83 = "Critical"),"Needs Attention", AND('Patient Health Records'!X83 <> "Critical", 'Patient Health Records'!W83 = "Yes"),"Monitor Later", AND('Patient Health Records'!X83 ="Critical", 'Patient Health Records'!W83 = "No"), "Ask for Readmission", TRUE, "No Action")} -> Monitor Later
A84: PID0083 | B84: Sai Reddy | C84: Male | D84: 31/12/1988 | E84: =DATEVALUE(D84) -> 32508 | F84: =YEAR(E84) -> 1988 | G84: =$X$9-F84 -> 37 | H84: {=_xlfn.IFS( AND(G84>=21, G84<=30), "Young Adult", AND(G84>=31, G84<=45), "Adult", AND(G84>=46, G84<=60), "Middle-aged", AND(G84>=61, G84<=75), "Senior", AND(G84>=76, G84<=87), "Elderly", TRUE, "Out of Range" )} -> Adult | I84: 40 | J84: Tamil Nadu | K84: South | L84: =VLOOKUP(J84,Facts!$A$2:$B$10,2,FALSE) -> South | M84: =HLOOKUP(J84,Facts!$D$13:$L$14,2,FALSE) -> South | N84: =_xlfn.XLOOKUP(L84,Facts!$B$2:$B$10,Facts!$A$2:$A$10,FALSE) -> Tamil Nadu | O84: =TRIM(B84) -> Sai Reddy | P84: {=_xlfn.TEXTSPLIT(O84," ")} -> Sai | Q84: Reddy | S84: =CONCATENATE(A84,"_",P84,".pdf") -> PID0083_Sai.pdf | T84: =IF(AND(I84<5,'Billing Details'!F84>10000),"High Priority","Regular Followup") -> Regular Followup | U84: =IF(AND(T84="High Priority",'Patient Health Records'!W84="Yes",'Patient Health Records'!X84 = "Critical"),"Needs Attention",IF(AND('Patient Health Records'!X84 <> "Critical", 'Patient Health Records'!W84 = "Yes"),"Monitor Later",IF(AND('Patient Health Records'!X84 ="Critical", 'Patient Health Records'!W84 = "No"), "Ask for Readmission","No Action"))) -> No Action | V84: {=_xlfn.IFS(AND(T84="High Priority",'Patient Health Records'!W84="Yes",'Patient Health Records'!X84 = "Critical"),"Needs Attention", AND('Patient Health Records'!X84 <> "Critical", 'Patient Health Records'!W84 = "Yes"),"Monitor Later", AND('Patient Health Records'!X84 ="Critical", 'Patient Health Records'!W84 = "No"), "Ask for Readmission", TRUE, "No Action")} -> No Action
A85: PID0084 | B85: Diya Mehta | C85: Female | D85: 31/12/1958 | E85: =DATEVALUE(D85) -> 21550 | F85: =YEAR(E85) -> 1958 | G85: =$X$9-F85 -> 67 | H85: {=_xlfn.IFS( AND(G85>=21, G85<=30), "Young Adult", AND(G85>=31, G85<=45), "Adult", AND(G85>=46, G85<=60), "Middle-aged", AND(G85>=61, G85<=75), "Senior", AND(G85>=76, G85<=87), "Elderly", TRUE, "Out of Range" )} -> Senior | I85: 40 | J85: Kerala | K85: South | L85: =VLOOKUP(J85,Facts!$A$2:$B$10,2,FALSE) -> South | M85: =HLOOKUP(J85,Facts!$D$13:$L$14,2,FALSE) -> South | N85: =_xlfn.XLOOKUP(L85,Facts!$B$2:$B$10,Facts!$A$2:$A$10,FALSE) -> Tamil Nadu | O85: =TRIM(B85) -> Diya Mehta | P85: {=_xlfn.TEXTSPLIT(O85," ")} -> Diya | Q85: Mehta | S85: =CONCATENATE(A85,"_",P85,".pdf") -> PID0084_Diya.pdf | T85: =IF(AND(I85<5,'Billing Details'!F85>10000),"High Priority","Regular Followup") -> Regular Followup | U85: =IF(AND(T85="High Priority",'Patient Health Records'!W85="Yes",'Patient Health Records'!X85 = "Critical"),"Needs Attention",IF(AND('Patient Health Records'!X85 <> "Critical", 'Patient Health Records'!W85 = "Yes"),"Monitor Later",IF(AND('Patient Health Records'!X85 ="Critical", 'Patient Health Records'!W85 = "No"), "Ask for Readmission","No Action"))) -> Monitor Later | V85: {=_xlfn.IFS(AND(T85="High Priority",'Patient Health Records'!W85="Yes",'Patient Health Records'!X85 = "Critical"),"Needs Attention", AND('Patient Health Records'!X85 <> "Critical", 'Patient Health Records'!W85 = "Yes"),"Monitor Later", AND('Patient Health Records'!X85 ="Critical", 'Patient Health Records'!W85 = "No"), "Ask for Readmission", TRUE, "No Action")} -> Monitor Later
A86: PID0085 | B86: Krishna Mehta | C86: Male | D86: 01-01-1972 | E86: =DATEVALUE(D86) -> 26299 | F86: =YEAR(E86) -> 1972 | G86: =$X$9-F86 -> 53 | H86: {=_xlfn.IFS( AND(G86>=21, G86<=30), "Young Adult", AND(G86>=31, G86<=45), "Adult", AND(G86>=46, G86<=60), "Middle-aged", AND(G86>=61, G86<=75), "Senior", AND(G86>=76, G86<=87), "Elderly", TRUE, "Out of Range" )} -> Middle-aged | I86: 12 | J86: Kerala | K86: South | L86: =VLOOKUP(J86,Facts!$A$2:$B$10,2,FALSE) -> South | M86: =HLOOKUP(J86,Facts!$D$13:$L$14,2,FALSE) -> South | N86: =_xlfn.XLOOKUP(L86,Facts!$B$2:$B$10,Facts!$A$2:$A$10,FALSE) -> Tamil Nadu | O86: =TRIM(B86) -> Krishna Mehta | P86: {=_xlfn.TEXTSPLIT(O86," ")} -> Krishna | Q86: Mehta | S86: =CONCATENATE(A86,"_",P86,".pdf") -> PID0085_Krishna.pdf | T86: =IF(AND(I86<5,'Billing Details'!F86>10000),"High Priority","Regular Followup") -> Regular Followup | U86: =IF(AND(T86="High Priority",'Patient Health Records'!W86="Yes",'Patient Health Records'!X86 = "Critical"),"Needs Attention",IF(AND('Patient Health Records'!X86 <> "Critical", 'Patient Health Records'!W86 = "Yes"),"Monitor Later",IF(AND('Patient Health Records'!X86 ="Critical", 'Patient Health Records'!W86 = "No"), "Ask for Readmission","No Action"))) -> No Action | V86: {=_xlfn.IFS(AND(T86="High Priority",'Patient Health Records'!W86="Yes",'Patient Health Records'!X86 = "Critical"),"Needs Attention", AND('Patient Health Records'!X86 <> "Critical", 'Patient Health Records'!W86 = "Yes"),"Monitor Later", AND('Patient Health Records'!X86 ="Critical", 'Patient Health Records'!W86 = "No"), "Ask for Readmission", TRUE, "No Action")} -> No Action
A87: PID0086 | B87: Sai Mehta | C87: Male | D87: 31/12/1988 | E87: =DATEVALUE(D87) -> 32508 | F87: =YEAR(E87) -> 1988 | G87: =$X$9-F87 -> 37 | H87: {=_xlfn.IFS( AND(G87>=21, G87<=30), "Young Adult", AND(G87>=31, G87<=45), "Adult", AND(G87>=46, G87<=60), "Middle-aged", AND(G87>=61, G87<=75), "Senior", AND(G87>=76, G87<=87), "Elderly", TRUE, "Out of Range" )} -> Adult | I87: 200 | J87: Gujarat | K87: West | L87: =VLOOKUP(J87,Facts!$A$2:$B$10,2,FALSE) -> West | M87: =HLOOKUP(J87,Facts!$D$13:$L$14,2,FALSE) -> West | N87: =_xlfn.XLOOKUP(L87,Facts!$B$2:$B$10,Facts!$A$2:$A$10,FALSE) -> Maharashtra | O87: =TRIM(B87) -> Sai Mehta | P87: {=_xlfn.TEXTSPLIT(O87," ")} -> Sai | Q87: Mehta | S87: =CONCATENATE(A87,"_",P87,".pdf") -> PID0086_Sai.pdf | T87: =IF(AND(I87<5,'Billing Details'!F87>10000),"High Priority","Regular Followup") -> Regular Followup | U87: =IF(AND(T87="High Priority",'Patient Health Records'!W87="Yes",'Patient Health Records'!X87 = "Critical"),"Needs Attention",IF(AND('Patient Health Records'!X87 <> "Critical", 'Patient Health Records'!W87 = "Yes"),"Monitor Later",IF(AND('Patient Health Records'!X87 ="Critical", 'Patient Health Records'!W87 = "No"), "Ask for Readmission","No Action"))) -> Ask for Readmission | V87: {=_xlfn.IFS(AND(T87="High Priority",'Patient Health Records'!W87="Yes",'Patient Health Records'!X87 = "Critical"),"Needs Attention", AND('Patient Health Records'!X87 <> "Critical", 'Patient Health Records'!W87 = "Yes"),"Monitor Later", AND('Patient Health Records'!X87 ="Critical", 'Patient Health Records'!W87 = "No"), "Ask for Readmission", TRUE, "No Action")} -> Ask for Readmission
A88: PID0087 | B88: Aditya Singh Mehta | C88: Male | D88: 31/12/1973 | E88: =DATEVALUE(D88) -> 27029 | F88: =YEAR(E88) -> 1973 | G88: =$X$9-F88 -> 52 | H88: {=_xlfn.IFS( AND(G88>=21, G88<=30), "Young Adult", AND(G88>=31, G88<=45), "Adult", AND(G88>=46, G88<=60), "Middle-aged", AND(G88>=61, G88<=75), "Senior", AND(G88>=76, G88<=87), "Elderly", TRUE, "Out of Range" )} -> Middle-aged | I88: 12 | J88: Punjab | K88: North | L88: =VLOOKUP(J88,Facts!$A$2:$B$10,2,FALSE) -> North | M88: =HLOOKUP(J88,Facts!$D$13:$L$14,2,FALSE) -> North | N88: =_xlfn.XLOOKUP(L88,Facts!$B$2:$B$10,Facts!$A$2:$A$10,FALSE) -> Punjab | O88: =TRIM(B88) -> Aditya Singh Mehta | P88: {=_xlfn.TEXTSPLIT(O88," ")} -> Aditya | Q88: Singh | R88: Mehta | S88: =CONCATENATE(A88,"_",P88,".pdf") -> PID0087_Aditya.pdf | T88: =IF(AND(I88<5,'Billing Details'!F88>10000),"High Priority","Regular Followup") -> Regular Followup | U88: =IF(AND(T88="High Priority",'Patient Health Records'!W88="Yes",'Patient Health Records'!X88 = "Critical"),"Needs Attention",IF(AND('Patient Health Records'!X88 <> "Critical", 'Patient Health Records'!W88 = "Yes"),"Monitor Later",IF(AND('Patient Health Records'!X88 ="Critical", 'Patient Health Records'!W88 = "No"), "Ask for Readmission","No Action"))) -> No Action | V88: {=_xlfn.IFS(AND(T88="High Priority",'Patient Health Records'!W88="Yes",'Patient Health Records'!X88 = "Critical"),"Needs Attention", AND('Patient Health Records'!X88 <> "Critical", 'Patient Health Records'!W88 = "Yes"),"Monitor Later", AND('Patient Health Records'!X88 ="Critical", 'Patient Health Records'!W88 = "No"), "Ask for Readmission", TRUE, "No Action")} -> No Action
A89: PID0088 | B89: Isha Kumar Patel | C89: Female | D89: 31/12/1993 | E89: =DATEVALUE(D89) -> 34334 | F89: =YEAR(E89) -> 1993 | G89: =$X$9-F89 -> 32 | H89: {=_xlfn.IFS( AND(G89>=21, G89<=30), "Young Adult", AND(G89>=31, G89<=45), "Adult", AND(G89>=46, G89<=60), "Middle-aged", AND(G89>=61, G89<=75), "Senior", AND(G89>=76, G89<=87), "Elderly", TRUE, "Out of Range" )} -> Adult | I89: 25 | J89: Karnataka | K89: South | L89: =VLOOKUP(J89,Facts!$A$2:$B$10,2,FALSE) -> South | M89: =HLOOKUP(J89,Facts!$D$13:$L$14,2,FALSE) -> South | N89: =_xlfn.XLOOKUP(L89,Facts!$B$2:$B$10,Facts!$A$2:$A$10,FALSE) -> Tamil Nadu | O89: =TRIM(B89) -> Isha Kumar Patel | P89: {=_xlfn.TEXTSPLIT(O89," ")} -> Isha | Q89: Kumar | R89: Patel | S89: =CONCATENATE(A89,"_",P89,".pdf") -> PID0088_Isha.pdf | T89: =IF(AND(I89<5,'Billing Details'!F89>10000),"High Priority","Regular Followup") -> Regular Followup | U89: =IF(AND(T89="High Priority",'Patient Health Records'!W89="Yes",'Patient Health Records'!X89 = "Critical"),"Needs Attention",IF(AND('Patient Health Records'!X89 <> "Critical", 'Patient Health Records'!W89 = "Yes"),"Monitor Later",IF(AND('Patient Health Records'!X89 ="Critical", 'Patient Health Records'!W89 = "No"), "Ask for Readmission","No Action"))) -> Monitor Later | V89: {=_xlfn.IFS(AND(T89="High Priority",'Patient Health Records'!W89="Yes",'Patient Health Records'!X89 = "Critical"),"Needs Attention", AND('Patient Health Records'!X89 <> "Critical", 'Patient Health Records'!W89 = "Yes"),"Monitor Later", AND('Patient Health Records'!X89 ="Critical", 'Patient Health Records'!W89 = "No"), "Ask for Readmission", TRUE, "No Action")} -> Monitor Later
A90: PID0089 | B90: Sai Dev Patel | C90: Male | D90: 31/12/1988 | E90: =DATEVALUE(D90) -> 32508 | F90: =YEAR(E90) -> 1988 | G90: =$X$9-F90 -> 37 | H90: {=_xlfn.IFS( AND(G90>=21, G90<=30), "Young Adult", AND(G90>=31, G90<=45), "Adult", AND(G90>=46, G90<=60), "Middle-aged", AND(G90>=61, G90<=75), "Senior", AND(G90>=76, G90<=87), "Elderly", TRUE, "Out of Range" )} -> Adult | I90: 40 | J90: Uttar Pradesh | K90: South | L90: =VLOOKUP(J90,Facts!$A$2:$B$10,2,FALSE) -> North | M90: =HLOOKUP(J90,Facts!$D$13:$L$14,2,FALSE) -> North | N90: =_xlfn.XLOOKUP(L90,Facts!$B$2:$B$10,Facts!$A$2:$A$10,FALSE) -> Punjab | O90: =TRIM(B90) -> Sai Dev Patel | P90: {=_xlfn.TEXTSPLIT(O90," ")} -> Sai | Q90: Dev | R90: Patel | S90: =CONCATENATE(A90,"_",P90,".pdf") -> PID0089_Sai.pdf | T90: =IF(AND(I90<5,'Billing Details'!F90>10000),"High Priority","Regular Followup") -> Regular Followup | U90: =IF(AND(T90="High Priority",'Patient Health Records'!W90="Yes",'Patient Health Records'!X90 = "Critical"),"Needs Attention",IF(AND('Patient Health Records'!X90 <> "Critical", 'Patient Health Records'!W90 = "Yes"),"Monitor Later",IF(AND('Patient Health Records'!X90 ="Critical", 'Patient Health Records'!W90 = "No"), "Ask for Readmission","No Action"))) -> Monitor Later | V90: {=_xlfn.IFS(AND(T90="High Priority",'Patient Health Records'!W90="Yes",'Patient Health Records'!X90 = "Critical"),"Needs Attention", AND('Patient Health Records'!X90 <> "Critical", 'Patient Health Records'!W90 = "Yes"),"Monitor Later", AND('Patient Health Records'!X90 ="Critical", 'Patient Health Records'!W90 = "No"), "Ask for Readmission", TRUE, "No Action")} -> Monitor Later
A91: PID0090 | B91: Riya Priya Mehta | C91: Female | D91: 31/12/1981 | E91: =DATEVALUE(D91) -> 29951 | F91: =YEAR(E91) -> 1981 | G91: =$X$9-F91 -> 44 | H91: {=_xlfn.IFS( AND(G91>=21, G91<=30), "Young Adult", AND(G91>=31, G91<=45), "Adult", AND(G91>=46, G91<=60), "Middle-aged", AND(G91>=61, G91<=75), "Senior", AND(G91>=76, G91<=87), "Elderly", TRUE, "Out of Range" )} -> Adult | I91: 7 | J91: Karnataka | K91: East | L91: =VLOOKUP(J91,Facts!$A$2:$B$10,2,FALSE) -> South | M91: =HLOOKUP(J91,Facts!$D$13:$L$14,2,FALSE) -> South | N91: =_xlfn.XLOOKUP(L91,Facts!$B$2:$B$10,Facts!$A$2:$A$10,FALSE) -> Tamil Nadu | O91: =TRIM(B91) -> Riya Priya Mehta | P91: {=_xlfn.TEXTSPLIT(O91," ")} -> Riya | Q91: Priya | R91: Mehta | S91: =CONCATENATE(A91,"_",P91,".pdf") -> PID0090_Riya.pdf | T91: =IF(AND(I91<5,'Billing Details'!F91>10000),"High Priority","Regular Followup") -> Regular Followup | U91: =IF(AND(T91="High Priority",'Patient Health Records'!W91="Yes",'Patient Health Records'!X91 = "Critical"),"Needs Attention",IF(AND('Patient Health Records'!X91 <> "Critical", 'Patient Health Records'!W91 = "Yes"),"Monitor Later",IF(AND('Patient Health Records'!X91 ="Critical", 'Patient Health Records'!W91 = "No"), "Ask for Readmission","No Action"))) -> No Action | V91: {=_xlfn.IFS(AND(T91="High Priority",'Patient Health Records'!W91="Yes",'Patient Health Records'!X91 = "Critical"),"Needs Attention", AND('Patient Health Records'!X91 <> "Critical", 'Patient Health Records'!W91 = "Yes"),"Monitor Later", AND('Patient Health Records'!X91 ="Critical", 'Patient Health Records'!W91 = "No"), "Ask for Readmission", TRUE, "No Action")} -> No Action
A92: PID0091 | B92: Vivaan Gupta | C92: Male | D92: 31/12/1993 | E92: =DATEVALUE(D92) -> 34334 | F92: =YEAR(E92) -> 1993 | G92: =$X$9-F92 -> 32 | H92: {=_xlfn.IFS( AND(G92>=21, G92<=30), "Young Adult", AND(G92>=31, G92<=45), "Adult", AND(G92>=46, G92<=60), "Middle-aged", AND(G92>=61, G92<=75), "Senior", AND(G92>=76, G92<=87), "Elderly", TRUE, "Out of Range" )} -> Adult | I92: 7 | J92: Gujarat | K92: West | L92: =VLOOKUP(J92,Facts!$A$2:$B$10,2,FALSE) -> West | M92: =HLOOKUP(J92,Facts!$D$13:$L$14,2,FALSE) -> West | N92: =_xlfn.XLOOKUP(L92,Facts!$B$2:$B$10,Facts!$A$2:$A$10,FALSE) -> Maharashtra | O92: =TRIM(B92) -> Vivaan Gupta | P92: {=_xlfn.TEXTSPLIT(O92," ")} -> Vivaan | Q92: Gupta | S92: =CONCATENATE(A92,"_",P92,".pdf") -> PID0091_Vivaan.pdf | T92: =IF(AND(I92<5,'Billing Details'!F92>10000),"High Priority","Regular Followup") -> Regular Followup | U92: =IF(AND(T92="High Priority",'Patient Health Records'!W92="Yes",'Patient Health Records'!X92 = "Critical"),"Needs Attention",IF(AND('Patient Health Records'!X92 <> "Critical", 'Patient Health Records'!W92 = "Yes"),"Monitor Later",IF(AND('Patient Health Records'!X92 ="Critical", 'Patient Health Records'!W92 = "No"), "Ask for Readmission","No Action"))) -> Monitor Later | V92: {=_xlfn.IFS(AND(T92="High Priority",'Patient Health Records'!W92="Yes",'Patient Health Records'!X92 = "Critical"),"Needs Attention", AND('Patient Health Records'!X92 <> "Critical", 'Patient Health Records'!W92 = "Yes"),"Monitor Later", AND('Patient Health Records'!X92 ="Critical", 'Patient Health Records'!W92 = "No"), "Ask for Readmission", TRUE, "No Action")} -> Monitor Later
A93: PID0092 | B93: Krishna Gupta | C93: Male | D93: 31/12/1958 | E93: =DATEVALUE(D93) -> 21550 | F93: =YEAR(E93) -> 1958 | G93: =$X$9-F93 -> 67 | H93: {=_xlfn.IFS( AND(G93>=21, G93<=30), "Young Adult", AND(G93>=31, G93<=45), "Adult", AND(G93>=46, G93<=60), "Middle-aged", AND(G93>=61, G93<=75), "Senior", AND(G93>=76, G93<=87), "Elderly", TRUE, "Out of Range" )} -> Senior | I93: 3 | J93: Uttar Pradesh | K93: North | L93: =VLOOKUP(J93,Facts!$A$2:$B$10,2,FALSE) -> North | M93: =HLOOKUP(J93,Facts!$D$13:$L$14,2,FALSE) -> North | N93: =_xlfn.XLOOKUP(L93,Facts!$B$2:$B$10,Facts!$A$2:$A$10,FALSE) -> Punjab | O93: =TRIM(B93) -> Krishna Gupta | P93: {=_xlfn.TEXTSPLIT(O93," ")} -> Krishna | Q93: Gupta | S93: =CONCATENATE(A93,"_",P93,".pdf") -> PID0092_Krishna.pdf | T93: =IF(AND(I93<5,'Billing Details'!F93>10000),"High Priority","Regular Followup") -> High Priority | U93: =IF(AND(T93="High Priority",'Patient Health Records'!W93="Yes",'Patient Health Records'!X93 = "Critical"),"Needs Attention",IF(AND('Patient Health Records'!X93 <> "Critical", 'Patient Health Records'!W93 = "Yes"),"Monitor Later",IF(AND('Patient Health Records'!X93 ="Critical", 'Patient Health Records'!W93 = "No"), "Ask for Readmission","No Action"))) -> Needs Attention | V93: {=_xlfn.IFS(AND(T93="High Priority",'Patient Health Records'!W93="Yes",'Patient Health Records'!X93 = "Critical"),"Needs Attention", AND('Patient Health Records'!X93 <> "Critical", 'Patient Health Records'!W93 = "Yes"),"Monitor Later", AND('Patient Health Records'!X93 ="Critical", 'Patient Health Records'!W93 = "No"), "Ask for Readmission", TRUE, "No Action")} -> Needs Attention
A94: PID0093 | B94: Krishna Reddy | C94: Male | D94: 31/12/1993 | E94: =DATEVALUE(D94) -> 34334 | F94: =YEAR(E94) -> 1993 | G94: =$X$9-F94 -> 32 | H94: {=_xlfn.IFS( AND(G94>=21, G94<=30), "Young Adult", AND(G94>=31, G94<=45), "Adult", AND(G94>=46, G94<=60), "Middle-aged", AND(G94>=61, G94<=75), "Senior", AND(G94>=76, G94<=87), "Elderly", TRUE, "Out of Range" )} -> Adult | I94: 1 | J94: Uttar Pradesh | K94: North | L94: =VLOOKUP(J94,Facts!$A$2:$B$10,2,FALSE) -> North | M94: =HLOOKUP(J94,Facts!$D$13:$L$14,2,FALSE) -> North | N94: =_xlfn.XLOOKUP(L94,Facts!$B$2:$B$10,Facts!$A$2:$A$10,FALSE) -> Punjab | O94: =TRIM(B94) -> Krishna Reddy | P94: {=_xlfn.TEXTSPLIT(O94," ")} -> Krishna | Q94: Reddy | S94: =CONCATENATE(A94,"_",P94,".pdf") -> PID0093_Krishna.pdf | T94: =IF(AND(I94<5,'Billing Details'!F94>10000),"High Priority","Regular Followup") -> High Priority | U94: =IF(AND(T94="High Priority",'Patient Health Records'!W94="Yes",'Patient Health Records'!X94 = "Critical"),"Needs Attention",IF(AND('Patient Health Records'!X94 <> "Critical", 'Patient Health Records'!W94 = "Yes"),"Monitor Later",IF(AND('Patient Health Records'!X94 ="Critical", 'Patient Health Records'!W94 = "No"), "Ask for Readmission","No Action"))) -> No Action | V94: {=_xlfn.IFS(AND(T94="High Priority",'Patient Health Records'!W94="Yes",'Patient Health Records'!X94 = "Critical"),"Needs Attention", AND('Patient Health Records'!X94 <> "Critical", 'Patient Health Records'!W94 = "Yes"),"Monitor Later", AND('Patient Health Records'!X94 ="Critical", 'Patient Health Records'!W94 = "No"), "Ask for Readmission", TRUE, "No Action")} -> No Action
A95: PID0094 | B95: Isha Patel | C95: Female | D95: 31/12/1988 | E95: =DATEVALUE(D95) -> 32508 | F95: =YEAR(E95) -> 1988 | G95: =$X$9-F95 -> 37 | H95: {=_xlfn.IFS( AND(G95>=21, G95<=30), "Young Adult", AND(G95>=31, G95<=45), "Adult", AND(G95>=46, G95<=60), "Middle-aged", AND(G95>=61, G95<=75), "Senior", AND(G95>=76, G95<=87), "Elderly", TRUE, "Out of Range" )} -> Adult | I95: 20 | J95: Uttar Pradesh | K95: North | L95: =VLOOKUP(J95,Facts!$A$2:$B$10,2,FALSE) -> North | M95: =HLOOKUP(J95,Facts!$D$13:$L$14,2,FALSE) -> North | N95: =_xlfn.XLOOKUP(L95,Facts!$B$2:$B$10,Facts!$A$2:$A$10,FALSE) -> Punjab | O95: =TRIM(B95) -> Isha Patel | P95: {=_xlfn.TEXTSPLIT(O95," ")} -> Isha | Q95: Patel | S95: =CONCATENATE(A95,"_",P95,".pdf") -> PID0094_Isha.pdf | T95: =IF(AND(I95<5,'Billing Details'!F95>10000),"High Priority","Regular Followup") -> Regular Followup | U95: =IF(AND(T95="High Priority",'Patient Health Records'!W95="Yes",'Patient Health Records'!X95 = "Critical"),"Needs Attention",IF(AND('Patient Health Records'!X95 <> "Critical", 'Patient Health Records'!W95 = "Yes"),"Monitor Later",IF(AND('Patient Health Records'!X95 ="Critical", 'Patient Health Records'!W95 = "No"), "Ask for Readmission","No Action"))) -> No Action | V95: {=_xlfn.IFS(AND(T95="High Priority",'Patient Health Records'!W95="Yes",'Patient Health Records'!X95 = "Critical"),"Needs Attention", AND('Patient Health Records'!X95 <> "Critical", 'Patient Health Records'!W95 = "Yes"),"Monitor Later", AND('Patient Health Records'!X95 ="Critical", 'Patient Health Records'!W95 = "No"), "Ask for Readmission", TRUE, "No Action")} -> No Action
A96: PID0095 | B96: Aanya Sharma | C96: Female | D96: 01/01/1964 | E96: =DATEVALUE(D96) -> 23377 | F96: =YEAR(E96) -> 1964 | G96: =$X$9-F96 -> 61 | H96: {=_xlfn.IFS( AND(G96>=21, G96<=30), "Young Adult", AND(G96>=31, G96<=45), "Adult", AND(G96>=46, G96<=60), "Middle-aged", AND(G96>=61, G96<=75), "Senior", AND(G96>=76, G96<=87), "Elderly", TRUE, "Out of Range" )} -> Senior | I96: 20 | J96: West Bengal | K96: East | L96: =VLOOKUP(J96,Facts!$A$2:$B$10,2,FALSE) -> East | M96: =HLOOKUP(J96,Facts!$D$13:$L$14,2,FALSE) -> East | N96: =_xlfn.XLOOKUP(L96,Facts!$B$2:$B$10,Facts!$A$2:$A$10,FALSE) -> West Bengal | O96: =TRIM(B96) -> Aanya Sharma | P96: {=_xlfn.TEXTSPLIT(O96," ")} -> Aanya | Q96: Sharma | S96: =CONCATENATE(A96,"_",P96,".pdf") -> PID0095_Aanya.pdf | T96: =IF(AND(I96<5,'Billing Details'!F96>10000),"High Priority","Regular Followup") -> Regular Followup | U96: =IF(AND(T96="High Priority",'Patient Health Records'!W96="Yes",'Patient Health Records'!X96 = "Critical"),"Needs Attention",IF(AND('Patient Health Records'!X96 <> "Critical", 'Patient Health Records'!W96 = "Yes"),"Monitor Later",IF(AND('Patient Health Records'!X96 ="Critical", 'Patient Health Records'!W96 = "No"), "Ask for Readmission","No Action"))) -> No Action | V96: {=_xlfn.IFS(AND(T96="High Priority",'Patient Health Records'!W96="Yes",'Patient Health Records'!X96 = "Critical"),"Needs Attention", AND('Patient Health Records'!X96 <> "Critical", 'Patient Health Records'!W96 = "Yes"),"Monitor Later", AND('Patient Health Records'!X96 ="Critical", 'Patient Health Records'!W96 = "No"), "Ask for Readmission", TRUE, "No Action")} -> No Action
A97: PID0096 | B97: Riya Singh Mehta | C97: Female | D97: 31-12-1968 | E97: =DATEVALUE(D97) -> 25203 | F97: =YEAR(E97) -> 1968 | G97: =$X$9-F97 -> 57 | H97: {=_xlfn.IFS( AND(G97>=21, G97<=30), "Young Adult", AND(G97>=31, G97<=45), "Adult", AND(G97>=46, G97<=60), "Middle-aged", AND(G97>=61, G97<=75), "Senior", AND(G97>=76, G97<=87), "Elderly", TRUE, "Out of Range" )} -> Middle-aged | I97: 5 | J97: Gujarat | K97: West | L97: =VLOOKUP(J97,Facts!$A$2:$B$10,2,FALSE) -> West | M97: =HLOOKUP(J97,Facts!$D$13:$L$14,2,FALSE) -> West | N97: =_xlfn.XLOOKUP(L97,Facts!$B$2:$B$10,Facts!$A$2:$A$10,FALSE) -> Maharashtra | O97: =TRIM(B97) -> Riya Singh Mehta | P97: {=_xlfn.TEXTSPLIT(O97," ")} -> Riya | Q97: Singh | R97: Mehta | S97: =CONCATENATE(A97,"_",P97,".pdf") -> PID0096_Riya.pdf | T97: =IF(AND(I97<5,'Billing Details'!F97>10000),"High Priority","Regular Followup") -> Regular Followup | U97: =IF(AND(T97="High Priority",'Patient Health Records'!W97="Yes",'Patient Health Records'!X97 = "Critical"),"Needs Attention",IF(AND('Patient Health Records'!X97 <> "Critical", 'Patient Health Records'!W97 = "Yes"),"Monitor Later",IF(AND('Patient Health Records'!X97 ="Critical", 'Patient Health Records'!W97 = "No"), "Ask for Readmission","No Action"))) -> Monitor Later | V97: {=_xlfn.IFS(AND(T97="High Priority",'Patient Health Records'!W97="Yes",'Patient Health Records'!X97 = "Critical"),"Needs Attention", AND('Patient Health Records'!X97 <> "Critical", 'Patient Health Records'!W97 = "Yes"),"Monitor Later", AND('Patient Health Records'!X97 ="Critical", 'Patient Health Records'!W97 = "No"), "Ask for Readmission", TRUE, "No Action")} -> Monitor Later
A98: PID0097 | B98: Aanya Patel | C98: Female | D98: 01-01-1984 | E98: =DATEVALUE(D98) -> 30682 | F98: =YEAR(E98) -> 1984 | G98: =$X$9-F98 -> 41 | H98: {=_xlfn.IFS( AND(G98>=21, G98<=30), "Young Adult", AND(G98>=31, G98<=45), "Adult", AND(G98>=46, G98<=60), "Middle-aged", AND(G98>=61, G98<=75), "Senior", AND(G98>=76, G98<=87), "Elderly", TRUE, "Out of Range" )} -> Adult | I98: 40 | J98: Tamil Nadu | K98: South | L98: =VLOOKUP(J98,Facts!$A$2:$B$10,2,FALSE) -> South | M98: =HLOOKUP(J98,Facts!$D$13:$L$14,2,FALSE) -> South | N98: =_xlfn.XLOOKUP(L98,Facts!$B$2:$B$10,Facts!$A$2:$A$10,FALSE) -> Tamil Nadu | O98: =TRIM(B98) -> Aanya Patel | P98: {=_xlfn.TEXTSPLIT(O98," ")} -> Aanya | Q98: Patel | S98: =CONCATENATE(A98,"_",P98,".pdf") -> PID0097_Aanya.pdf | T98: =IF(AND(I98<5,'Billing Details'!F98>10000),"High Priority","Regular Followup") -> Regular Followup | U98: =IF(AND(T98="High Priority",'Patient Health Records'!W98="Yes",'Patient Health Records'!X98 = "Critical"),"Needs Attention",IF(AND('Patient Health Records'!X98 <> "Critical", 'Patient Health Records'!W98 = "Yes"),"Monitor Later",IF(AND('Patient Health Records'!X98 ="Critical", 'Patient Health Records'!W98 = "No"), "Ask for Readmission","No Action"))) -> Ask for Readmission | V98: {=_xlfn.IFS(AND(T98="High Priority",'Patient Health Records'!W98="Yes",'Patient Health Records'!X98 = "Critical"),"Needs Attention", AND('Patient Health Records'!X98 <> "Critical", 'Patient Health Records'!W98 = "Yes"),"Monitor Later", AND('Patient Health Records'!X98 ="Critical", 'Patient Health Records'!W98 = "No"), "Ask for Readmission", TRUE, "No Action")} -> Ask for Readmission
A99: PID0098 | B99: Shreya Mehta | C99: Female | D99: 31/12/1968 | E99: =DATEVALUE(D99) -> 25203 | F99: =YEAR(E99) -> 1968 | G99: =$X$9-F99 -> 57 | H99: {=_xlfn.IFS( AND(G99>=21, G99<=30), "Young Adult", AND(G99>=31, G99<=45), "Adult", AND(G99>=46, G99<=60), "Middle-aged", AND(G99>=61, G99<=75), "Senior", AND(G99>=76, G99<=87), "Elderly", TRUE, "Out of Range" )} -> Middle-aged | I99: 9 | J99: Tamil Nadu | K99: South | L99: =VLOOKUP(J99,Facts!$A$2:$B$10,2,FALSE) -> South | M99: =HLOOKUP(J99,Facts!$D$13:$L$14,2,FALSE) -> South | N99: =_xlfn.XLOOKUP(L99,Facts!$B$2:$B$10,Facts!$A$2:$A$10,FALSE) -> Tamil Nadu | O99: =TRIM(B99) -> Shreya Mehta | P99: {=_xlfn.TEXTSPLIT(O99," ")} -> Shreya | Q99: Mehta | S99: =CONCATENATE(A99,"_",P99,".pdf") -> PID0098_Shreya.pdf | T99: =IF(AND(I99<5,'Billing Details'!F99>10000),"High Priority","Regular Followup") -> Regular Followup | U99: =IF(AND(T99="High Priority",'Patient Health Records'!W99="Yes",'Patient Health Records'!X99 = "Critical"),"Needs Attention",IF(AND('Patient Health Records'!X99 <> "Critical", 'Patient Health Records'!W99 = "Yes"),"Monitor Later",IF(AND('Patient Health Records'!X99 ="Critical", 'Patient Health Records'!W99 = "No"), "Ask for Readmission","No Action"))) -> No Action | V99: {=_xlfn.IFS(AND(T99="High Priority",'Patient Health Records'!W99="Yes",'Patient Health Records'!X99 = "Critical"),"Needs Attention", AND('Patient Health Records'!X99 <> "Critical", 'Patient Health Records'!W99 = "Yes"),"Monitor Later", AND('Patient Health Records'!X99 ="Critical", 'Patient Health Records'!W99 = "No"), "Ask for Readmission", TRUE, "No Action")} -> No Action
A100: PID0099 | B100: Aditya Gupta | C100: Male | D100: 31/12/1988 | E100: =DATEVALUE(D100) -> 32508 | F100: =YEAR(E100) -> 1988 | G100: =$X$9-F100 -> 37 | H100: {=_xlfn.IFS( AND(G100>=21, G100<=30), "Young Adult", AND(G100>=31, G100<=45), "Adult", AND(G100>=46, G100<=60), "Middle-aged", AND(G100>=61, G100<=75), "Senior", AND(G100>=76, G100<=87), "Elderly", TRUE, "Out of Range" )} -> Adult | I100: 15 | J100: Punjab | K100: South | L100: =VLOOKUP(J100,Facts!$A$2:$B$10,2,FALSE) -> North | M100: =HLOOKUP(J100,Facts!$D$13:$L$14,2,FALSE) -> North | N100: =_xlfn.XLOOKUP(L100,Facts!$B$2:$B$10,Facts!$A$2:$A$10,FALSE) -> Punjab | O100: =TRIM(B100) -> Aditya Gupta | P100: {=_xlfn.TEXTSPLIT(O100," ")} -> Aditya | Q100: Gupta | S100: =CONCATENATE(A100,"_",P100,".pdf") -> PID0099_Aditya.pdf | T100: =IF(AND(I100<5,'Billing Details'!F100>10000),"High Priority","Regular Followup") -> Regular Followup | U100: =IF(AND(T100="High Priority",'Patient Health Records'!W100="Yes",'Patient Health Records'!X100 = "Critical"),"Needs Attention",IF(AND('Patient Health Records'!X100 <> "Critical", 'Patient Health Records'!W100 = "Yes"),"Monitor Later",IF(AND('Patient Health Records'!X100 ="Critical", 'Patient Health Records'!W100 = "No"), "Ask for Readmission","No Action"))) -> No Action | V100: {=_xlfn.IFS(AND(T100="High Priority",'Patient Health Records'!W100="Yes",'Patient Health Records'!X100 = "Critical"),"Needs Attention", AND('Patient Health Records'!X100 <> "Critical", 'Patient Health Records'!W100 = "Yes"),"Monitor Later", AND('Patient Health Records'!X100 ="Critical", 'Patient Health Records'!W100 = "No"), "Ask for Readmission", TRUE, "No Action")} -> No Action
...

Sheet Patient Health Records
A1: Patient Id | B1: Blood Type | C1: Height (cm) | D1: Height (m) | E1: BMI | F1: Weight (kg) | G1: Updated Weight | H1: Fever | I1: Cough | J1: Fatigue | K1: Difficulty Breathing | L1: Updated_DB | M1: Blood Pressure | N1: Cholesterol Level | O1: Smoking Status | P1: Updated_SS | Q1: Drinking Status | R1: Updated_DS | S1: Diabetes | T1: Updated_D | U1: Condition | V1: Updated_Condition | W1: Readmission | X1: Outcome | Y1: Satisfaction
A2: PID0001 | B2: O+ | C2: 168 | D2: =C2/100 -> 1.68 | E2: =F2/(D2*D2) -> 29.195011 | F2: 82.4 | G2: =ROUND(F2,1) -> 82.4 | H2: FALSE | I2: FALSE | J2: FALSE | K2: FALSE | L2: =IF(K2="Yes",TRUE,IF(K2="No", FALSE, K2)) -> FALSE | M2: 129/83 | N2: 151 | O2: FALSE | P2: =IF(ISBLANK(O2),FALSE,O2) -> FALSE | Q2: TRUE | R2: =IF(ISBLANK(Q2),FALSE,Q2) -> TRUE | S2: TRUE | T2: =IF(ISBLANK(S2),FALSE,S2) -> TRUE | U2: Fractured Leg | V2: =PROPER(U2) -> Fractured Leg | W2: No | X2: Critical | Y2: Dissatisfied
A3: PID0002 | B3: AB- | C3: 152 | D3: =C3/100 -> 1.52 | E3: =F3/(D3*D3) -> 28.047091 | F3: 64.8 | G3: =ROUND(F3,1) -> 64.8 | H3: FALSE | I3: FALSE | J3: FALSE | K3: FALSE | L3: =IF(K3="Yes",TRUE,IF(K3="No", FALSE, K3)) -> FALSE | M3: 112/81 | N3: 191 | O3: FALSE | P3: =IF(ISBLANK(O3),FALSE,O3) -> FALSE | Q3: TRUE | R3: =IF(ISBLANK(Q3),FALSE,Q3) -> TRUE | S3: TRUE | T3: =IF(ISBLANK(S3),FALSE,S3) -> TRUE | U3: prostate cancer | V3: =PROPER(U3) -> Prostate Cancer | W3: No | X3: Recovered | Y3: Very Dissatisfied
A4: PID0003 | B4: B+ | C4: 170 | D4: =C4/100 -> 1.7 | E4: =F4/(D4*D4) -> 24.021879 | F4: 69.42323 | G4: =ROUND(F4,1) -> 69.4 | H4: TRUE | I4: FALSE | J4: FALSE | K4: FALSE | L4: =IF(K4="Yes",TRUE,IF(K4="No", FALSE, K4)) -> FALSE | M4: 125/74 | N4: 152 | O4: FALSE | P4: =IF(ISBLANK(O4),FALSE,O4) -> FALSE | R4: =IF(ISBLANK(Q4),FALSE,Q4) -> FALSE | S4: FALSE | T4: =IF(ISBLANK(S4),FALSE,S4) -> FALSE | U4: Stroke | V4: =PROPER(U4) -> Stroke | W4: No | X4: Critical | Y4: Very Satisfied
A5: PID0004 | B5: A- | C5: 169 | D5: =C5/100 -> 1.69 | E5: =F5/(D5*D5) -> 31.266412 | F5: 89.3 | G5: =ROUND(F5,1) -> 89.3 | H5: TRUE | I5: TRUE | J5: FALSE | K5: FALSE | L5: =IF(K5="Yes",TRUE,IF(K5="No", FALSE, K5)) -> FALSE | M5: 122/72 | N5: 203 | O5: TRUE | P5: =IF(ISBLANK(O5),FALSE,O5) -> TRUE | Q5: FALSE | R5: =IF(ISBLANK(Q5),FALSE,Q5) -> FALSE | S5: TRUE | T5: =IF(ISBLANK(S5),FALSE,S5) -> TRUE | U5: Heart Attack | V5: =PROPER(U5) -> Heart Attack | W5: No | X5: Critical | Y5: Neutral
A6: PID0005 | B6: O+ | C6: 161 | D6: =C6/100 -> 1.61 | E6: =F6/(D6*D6) -> 26.773658 | F6: 69.4 | G6: =ROUND(F6,1) -> 69.4 | H6: TRUE | I6: FALSE | J6: TRUE | K6: FALSE | L6: =IF(K6="Yes",TRUE,IF(K6="No", FALSE, K6)) -> FALSE | M6: 110/80 | N6: 164 | O6: FALSE | P6: =IF(ISBLANK(O6),FALSE,O6) -> FALSE | Q6: FALSE | R6: =IF(ISBLANK(Q6),FALSE,Q6) -> FALSE | T6: =IF(ISBLANK(S6),FALSE,S6) -> FALSE | U6: Appendicitis | V6: =PROPER(U6) -> Appendicitis | W6: Yes | X6: Critical | Y6: Dissatisfied
A7: PID0006 | B7: O+ | C7: 157 | D7: =C7/100 -> 1.57 | E7: =F7/(D7*D7) -> 31.076311 | F7: 76.6 | G7: =ROUND(F7,1) -> 76.6 | H7: TRUE | I7: FALSE | J7: FALSE | K7: FALSE | L7: =IF(K7="Yes",TRUE,IF(K7="No", FALSE, K7)) -> FALSE | M7: 110/73 | N7: 223 | O7: FALSE | P7: =IF(ISBLANK(O7),FALSE,O7) -> FALSE | Q7: TRUE | R7: =IF(ISBLANK(Q7),FALSE,Q7) -> TRUE | S7: TRUE | T7: =IF(ISBLANK(S7),FALSE,S7) -> TRUE | U7: Fractured Arm | V7: =PROPER(U7) -> Fractured Arm | W7: Yes | X7: Critical | Y7: Very Dissatisfied
A8: PID0007 | B8: O- | C8: 172 | D8: =C8/100 -> 1.72 | E8: =F8/(D8*D8) -> 30.92888 | F8: 91.5 | G8: =ROUND(F8,1) -> 91.5 | H8: FALSE | I8: FALSE | J8: TRUE | K8: FALSE | L8: =IF(K8="Yes",TRUE,IF(K8="No", FALSE, K8)) -> FALSE | M8: 123/75 | N8: 219 | O8: FALSE | P8: =IF(ISBLANK(O8),FALSE,O8) -> FALSE | Q8: TRUE | R8: =IF(ISBLANK(Q8),FALSE,Q8) -> TRUE | S8: TRUE | T8: =IF(ISBLANK(S8),FALSE,S8) -> TRUE | U8: Childbirth | V8: =PROPER(U8) -> Childbirth | W8: No | X8: Recovered | Y8: Satisfied
A9: PID0008 | B9: O- | C9: 161 | D9: =C9/100 -> 1.61 | E9: =F9/(D9*D9) -> 29.165541 | F9: 75.6 | G9: =ROUND(F9,1) -> 75.6 | H9: TRUE | I9: FALSE | J9: TRUE | K9: TRUE | L9: =IF(K9="Yes",TRUE,IF(K9="No", FALSE, K9)) -> TRUE | M9: 114/70 | N9: 211 | O9: TRUE | P9: =IF(ISBLANK(O9),FALSE,O9) -> TRUE | Q9: FALSE | R9: =IF(ISBLANK(Q9),FALSE,Q9) -> FALSE | S9: TRUE | T9: =IF(ISBLANK(S9),FALSE,S9) -> TRUE | U9: hypertension | V9: =PROPER(U9) -> Hypertension | W9: Yes | X9: Recovered | Y9: Dissatisfied
A10: PID0009 | B10: AB- | C10: 176 | D10: =C10/100 -> 1.76 | E10: =F10/(D10*D10) -> 29.280733 | F10: 90.7 | G10: =ROUND(F10,1) -> 90.7 | H10: FALSE | I10: FALSE | J10: FALSE | K10: TRUE | L10: =IF(K10="Yes",TRUE,IF(K10="No", FALSE, K10)) -> TRUE | M10: 124/84 | N10: 201 | O10: TRUE | P10: =IF(ISBLANK(O10),FALSE,O10) -> TRUE | Q10: TRUE | R10: =IF(ISBLANK(Q10),FALSE,Q10) -> TRUE | S10: TRUE | T10: =IF(ISBLANK(S10),FALSE,S10) -> TRUE | U10: Respiratory Infection | V10: =PROPER(U10) -> Respiratory Infection | W10: No | X10: Ongoing Treatment | Y10: Dissatisfied
A11: PID0010 | B11: A+ | C11: 171 | D11: =C11/100 -> 1.71 | E11: =F11/(D11*D11) -> 33.480387 | F11: 97.9 | G11: =ROUND(F11,1) -> 97.9 | H11: TRUE | I11: FALSE | J11: TRUE | K11: FALSE | L11: =IF(K11="Yes",TRUE,IF(K11="No", FALSE, K11)) -> FALSE | M11: 116/80 | N11: 224 | O11: Yes | P11: =IF(ISBLANK(O11),FALSE,O11) -> Yes | R11: =IF(ISBLANK(Q11),FALSE,Q11) -> FALSE | S11: TRUE | T11: =IF(ISBLANK(S11),FALSE,S11) -> TRUE | U11: Heart Attack | V11: =PROPER(U11) -> Heart Attack | W11: No | X11: Critical | Y11: Very Dissatisfied
A12: PID0011 | B12: AB- | C12: 167 | D12: =C12/100 -> 1.67 | E12: =F12/(D12*D12) -> 30.083545 | F12: 83.9 | G12: =ROUND(F12,1) -> 83.9 | H12: FALSE | I12: FALSE | J12: FALSE | K12: FALSE | L12: =IF(K12="Yes",TRUE,IF(K12="No", FALSE, K12)) -> FALSE | M12: 129/71 | N12: 192 | O12: FALSE | P12: =IF(ISBLANK(O12),FALSE,O12) -> FALSE | Q12: TRUE | R12: =IF(ISBLANK(Q12),FALSE,Q12) -> TRUE | S12: TRUE | T12: =IF(ISBLANK(S12),FALSE,S12) -> TRUE | U12: Appendicitis | V12: =PROPER(U12) -> Appendicitis | W12: No | X12: Ongoing Treatment | Y12: Very Satisfied
A13: PID0012 | B13: A+ | C13: 159 | D13: =C13/100 -> 1.59 | E13: =F13/(D13*D13) -> 31.130098 | F13: 78.7 | G13: =ROUND(F13,1) -> 78.7 | H13: FALSE | I13: TRUE | J13: TRUE | K13: TRUE | L13: =IF(K13="Yes",TRUE,IF(K13="No", FALSE, K13)) -> TRUE | M13: 110/70 | N13: 215 | O13: TRUE | P13: =IF(ISBLANK(O13),FALSE,O13) -> TRUE | Q13: FALSE | R13: =IF(ISBLANK(Q13),FALSE,Q13) -> FALSE | S13: TRUE | T13: =IF(ISBLANK(S13),FALSE,S13) -> TRUE | U13: Osteoarthritis | V13: =PROPER(U13) -> Osteoarthritis | W13: Yes | X13: Recovered | Y13: Very Satisfied
A14: PID0013 | B14: O+ | C14: 166 | D14: =C14/100 -> 1.66 | E14: =F14/(D14*D14) -> 33.713166 | F14: 92.9 | G14: =ROUND(F14,1) -> 92.9 | H14: TRUE | I14: TRUE | J14: FALSE | K14: TRUE | L14: =IF(K14="Yes",TRUE,IF(K14="No", FALSE, K14)) -> TRUE | M14: 126/76 | N14: 188 | O14: TRUE | P14: =IF(ISBLANK(O14),FALSE,O14) -> TRUE | Q14: TRUE | R14: =IF(ISBLANK(Q14),FALSE,Q14) -> TRUE | S14: TRUE | T14: =IF(ISBLANK(S14),FALSE,S14) -> TRUE | U14: kidney stones | V14: =PROPER(U14) -> Kidney Stones | W14: Yes | X14: Ongoing Treatment | Y14: Very Satisfied
A15: PID0014 | B15: AB+ | C15: 171 | D15: =C15/100 -> 1.71 | E15: =F15/(D15*D15) -> 26.77747 | F15: 78.3 | G15: =ROUND(F15,1) -> 78.3 | H15: FALSE | I15: FALSE | J15: FALSE | K15: FALSE | L15: =IF(K15="Yes",TRUE,IF(K15="No", FALSE, K15)) -> FALSE | M15: 116/89 | N15: 190 | O15: FALSE | P15: =IF(ISBLANK(O15),FALSE,O15) -> FALSE | Q15: FALSE | R15: =IF(ISBLANK(Q15),FALSE,Q15) -> FALSE | S15: FALSE | T15: =IF(ISBLANK(S15),FALSE,S15) -> FALSE | U15: Hypertension | V15: =PROPER(U15) -> Hypertension | W15: Yes | X15: Critical | Y15: Very Satisfied
A16: PID0015 | B16: AB+ | C16: 157 | D16: =C16/100 -> 1.57 | E16: =F16/(D16*D16) -> 24.382328 | F16: 60.1 | G16: =ROUND(F16,1) -> 60.1 | H16: TRUE | I16: TRUE | J16: FALSE | K16: FALSE | L16: =IF(K16="Yes",TRUE,IF(K16="No", FALSE, K16)) -> FALSE | M16: 129/73 | N16: 221 | O16: FALSE | P16: =IF(ISBLANK(O16),FALSE,O16) -> FALSE | Q16: No | R16: =IF(ISBLANK(Q16),FALSE,Q16) -> No | S16: FALSE | T16: =IF(ISBLANK(S16),FALSE,S16) -> FALSE | U16: Stroke | V16: =PROPER(U16) -> Stroke | W16: No | X16: Critical | Y16: Very Dissatisfied
A17: PID0016 | B17: B+ | C17: 165 | D17: =C17/100 -> 1.65 | E17: =F17/(D17*D17) -> 33.645546 | F17: 91.6 | G17: =ROUND(F17,1) -> 91.6 | H17: TRUE | I17: FALSE | J17: FALSE | K17: FALSE | L17: =IF(K17="Yes",TRUE,IF(K17="No", FALSE, K17)) -> FALSE | M17: 112/86 | N17: 186 | O17: TRUE | P17: =IF(ISBLANK(O17),FALSE,O17) -> TRUE | Q17: FALSE | R17: =IF(ISBLANK(Q17),FALSE,Q17) -> FALSE | S17: TRUE | T17: =IF(ISBLANK(S17),FALSE,S17) -> TRUE | U17: Heart Disease | V17: =PROPER(U17) -> Heart Disease | W17: Yes | X17: Ongoing Treatment | Y17: Dissatisfied
A18: PID0017 | B18: A+ | C18: 167 | D18: =C18/100 -> 1.67 | E18: =F18/(D18*D18) -> 21.728997 | F18: 60.6 | G18: =ROUND(F18,1) -> 60.6 | H18: FALSE | I18: FALSE | J18: TRUE | K18: FALSE | L18: =IF(K18="Yes",TRUE,IF(K18="No", FALSE, K18)) -> FALSE | M18: 129/85 | N18: 170 | O18: FALSE | P18: =IF(ISBLANK(O18),FALSE,O18) -> FALSE | Q18: FALSE | R18: =IF(ISBLANK(Q18),FALSE,Q18) -> FALSE | S18: FALSE | T18: =IF(ISBLANK(S18),FALSE,S18) -> FALSE | U18: Osteoarthritis | V18: =PROPER(U18) -> Osteoarthritis | W18: Yes | X18: Critical | Y18: Very Dissatisfied
A19: PID0018 | B19: O+ | C19: 167 | D19: =C19/100 -> 1.67 | E19: =F19/(D19*D19) -> 33.525763 | F19: 93.5 | G19: =ROUND(F19,1) -> 93.5 | H19: FALSE | I19: TRUE | J19: FALSE | K19: TRUE | L19: =IF(K19="Yes",TRUE,IF(K19="No", FALSE, K19)) -> TRUE | M19: 128/70 | N19: 191 | O19: TRUE | P19: =IF(ISBLANK(O19),FALSE,O19) -> TRUE | Q19: FALSE | R19: =IF(ISBLANK(Q19),FALSE,Q19) -> FALSE | S19: TRUE | T19: =IF(ISBLANK(S19),FALSE,S19) -> TRUE | U19: Childbirth | V19: =PROPER(U19) -> Childbirth | W19: No | X19: Critical | Y19: Very Satisfied
A20: PID0019 | B20: O+ | C20: 171 | D20: =C20/100 -> 1.71 | E20: =F20/(D20*D20) -> 33.856571 | F20: 99 | G20: =ROUND(F20,1) -> 99 | H20: TRUE | I20: TRUE | J20: FALSE | K20: FALSE | L20: =IF(K20="Yes",TRUE,IF(K20="No", FALSE, K20)) -> FALSE | M20: 117/76 | N20: 181 | O20: FALSE | P20: =IF(ISBLANK(O20),FALSE,O20) -> FALSE | Q20: TRUE | R20: =IF(ISBLANK(Q20),FALSE,Q20) -> TRUE | S20: TRUE | T20: =IF(ISBLANK(S20),FALSE,S20) -> TRUE | U20: allergic reaction | V20: =PROPER(U20) -> Allergic Reaction | W20: No | X20: Ongoing Treatment | Y20: Dissatisfied
A21: PID0020 | B21: A- | C21: 161 | D21: =C21/100 -> 1.61 | E21: =F21/(D21*D21) -> 28.432545 | F21: 73.7 | G21: =ROUND(F21,1) -> 73.7 | H21: FALSE | I21: FALSE | J21: FALSE | K21: TRUE | L21: =IF(K21="Yes",TRUE,IF(K21="No", FALSE, K21)) -> TRUE | M21: 121/77 | N21: 174 | O21: TRUE | P21: =IF(ISBLANK(O21),FALSE,O21) -> TRUE | Q21: TRUE | R21: =IF(ISBLANK(Q21),FALSE,Q21) -> TRUE | S21: TRUE | T21: =IF(ISBLANK(S21),FALSE,S21) -> TRUE | U21: Respiratory Infection | V21: =PROPER(U21) -> Respiratory Infection | W21: Yes | X21: Critical | Y21: Satisfied
A22: PID0021 | B22: A- | C22: 161 | D22: =C22/100 -> 1.61 | E22: =F22/(D22*D22) -> 20.83253 | F22: 54 | G22: =ROUND(F22,1) -> 54 | H22: FALSE | I22: FALSE | J22: TRUE | K22: FALSE | L22: =IF(K22="Yes",TRUE,IF(K22="No", FALSE, K22)) -> FALSE | M22: 114/72 | N22: 222 | P22: =IF(ISBLANK(O22),FALSE,O22) -> FALSE | Q22: FALSE | R22: =IF(ISBLANK(Q22),FALSE,Q22) -> FALSE | S22: FALSE | T22: =IF(ISBLANK(S22),FALSE,S22) -> FALSE | U22: Kidney Stones | V22: =PROPER(U22) -> Kidney Stones | W22: No | X22: Ongoing Treatment | Y22: Neutral
A23: PID0022 | B23: B- | C23: 172 | D23: =C23/100 -> 1.72 | E23: =F23/(D23*D23) -> 25.689562 | F23: 76 | G23: =ROUND(F23,1) -> 76 | H23: FALSE | I23: FALSE | J23: FALSE | K23: FALSE | L23: =IF(K23="Yes",TRUE,IF(K23="No", FALSE, K23)) -> FALSE | M23: 112/84 | N23: 203 | O23: FALSE | P23: =IF(ISBLANK(O23),FALSE,O23) -> FALSE | Q23: FALSE | R23: =IF(ISBLANK(Q23),FALSE,Q23) -> FALSE | S23: FALSE | T23: =IF(ISBLANK(S23),FALSE,S23) -> FALSE | U23: fractured leg | V23: =PROPER(U23) -> Fractured Leg | W23: Yes | X23: Ongoing Treatment | Y23: Satisfied
A24: PID0023 | B24: A- | C24: 169 | D24: =C24/100 -> 1.69 | E24: =F24/(D24*D24) -> 30.216029 | F24: 86.3 | G24: =ROUND(F24,1) -> 86.3 | H24: FALSE | I24: FALSE | J24: FALSE | K24: FALSE | L24: =IF(K24="Yes",TRUE,IF(K24="No", FALSE, K24)) -> FALSE | M24: 123/83 | N24: 157 | O24: FALSE | P24: =IF(ISBLANK(O24),FALSE,O24) -> FALSE | Q24: TRUE | R24: =IF(ISBLANK(Q24),FALSE,Q24) -> TRUE | S24: TRUE | T24: =IF(ISBLANK(S24),FALSE,S24) -> TRUE | U24: kidney stones | V24: =PROPER(U24) -> Kidney Stones | W24: No | X24: Recovered | Y24: Dissatisfied
A25: PID0024 | B25: O- | C25: 163 | D25: =C25/100 -> 1.63 | E25: =F25/(D25*D25) -> 24.163499 | F25: 64.2 | G25: =ROUND(F25,1) -> 64.2 | H25: FALSE | I25: FALSE | J25: FALSE | K25: FALSE | L25: =IF(K25="Yes",TRUE,IF(K25="No", FALSE, K25)) -> FALSE | M25: 127/81 | N25: 216 | O25: FALSE | P25: =IF(ISBLANK(O25),FALSE,O25) -> FALSE | Q25: FALSE | R25: =IF(ISBLANK(Q25),FALSE,Q25) -> FALSE | S25: FALSE | T25: =IF(ISBLANK(S25),FALSE,S25) -> FALSE | U25: diabetes | V25: =PROPER(U25) -> Diabetes | W25: No | X25: Recovered | Y25: Very Dissatisfied
A26: PID0025 | B26: B+ | C26: 175 | D26: =C26/100 -> 1.75 | E26: =F26/(D26*D26) -> 20.081633 | F26: 61.5 | G26: =ROUND(F26,1) -> 61.5 | H26: FALSE | I26: FALSE | J26: FALSE | K26: FALSE | L26: =IF(K26="Yes",TRUE,IF(K26="No", FALSE, K26)) -> FALSE | M26: 128/71 | N26: 201 | O26: FALSE | P26: =IF(ISBLANK(O26),FALSE,O26) -> FALSE | R26: =IF(ISBLANK(Q26),FALSE,Q26) -> FALSE | S26: FALSE | T26: =IF(ISBLANK(S26),FALSE,S26) -> FALSE | U26: Osteoarthritis | V26: =PROPER(U26) -> Osteoarthritis | W26: Yes | X26: Recovered | Y26: Neutral
A27: PID0026 | B27: AB+ | C27: 150 | D27: =C27/100 -> 1.5 | E27: =F27/(D27*D27) -> 30.4 | F27: 68.4 | G27: =ROUND(F27,1) -> 68.4 | H27: FALSE | I27: TRUE | J27: FALSE | K27: TRUE | L27: =IF(K27="Yes",TRUE,IF(K27="No", FALSE, K27)) -> TRUE | M27: 128/85 | N27: 170 | O27: TRUE | P27: =IF(ISBLANK(O27),FALSE,O27) -> TRUE | Q27: FALSE | R27: =IF(ISBLANK(Q27),FALSE,Q27) -> FALSE | S27: TRUE | T27: =IF(ISBLANK(S27),FALSE,S27) -> TRUE | U27: kidney stones | V27: =PROPER(U27) -> Kidney Stones | W27: No | X27: Ongoing Treatment | Y27: Dissatisfied
A28: PID0027 | B28: A+ | C28: 169 | D28: =C28/100 -> 1.69 | E28: =F28/(D28*D28) -> 24.543959 | F28: 70.1 | G28: =ROUND(F28,1) -> 70.1 | H28: FALSE | I28: TRUE | J28: FALSE | K28: FALSE | L28: =IF(K28="Yes",TRUE,IF(K28="No", FALSE, K28)) -> FALSE | M28: 125/81 | N28: 213 | O28: FALSE | P28: =IF(ISBLANK(O28),FALSE,O28) -> FALSE | Q28: FALSE | R28: =IF(ISBLANK(Q28),FALSE,Q28) -> FALSE | T28: =IF(ISBLANK(S28),FALSE,S28) -> FALSE | U28: Osteoarthritis | V28: =PROPER(U28) -> Osteoarthritis | W28: Yes | X28: Critical | Y28: Very Dissatisfied
A29: PID0028 | B29: O- | C29: 163 | D29: =C29/100 -> 1.63 | E29: =F29/(D29*D29) -> 20.512627 | F29: 54.5 | G29: =ROUND(F29,1) -> 54.5 | H29: TRUE | I29: FALSE | J29: FALSE | K29: FALSE | L29: =IF(K29="Yes",TRUE,IF(K29="No", FALSE, K29)) -> FALSE | M29: 125/79 | N29: 190 | O29: FALSE | P29: =IF(ISBLANK(O29),FALSE,O29) -> FALSE | Q29: FALSE | R29: =IF(ISBLANK(Q29),FALSE,Q29) -> FALSE | S29: FALSE | T29: =IF(ISBLANK(S29),FALSE,S29) -> FALSE | U29: Cancer | V29: =PROPER(U29) -> Cancer | W29: Yes | X29: Ongoing Treatment | Y29: Very Dissatisfied
A30: PID0029 | B30: A- | C30: 166 | D30: =C30/100 -> 1.66 | E30: =F30/(D30*D30) -> 34.47525 | F30: 95 | G30: =ROUND(F30,1) -> 95 | H30: TRUE | I30: FALSE | J30: TRUE | K30: TRUE | L30: =IF(K30="Yes",TRUE,IF(K30="No", FALSE, K30)) -> TRUE | M30: 114/70 | N30: 164 | O30: TRUE | P30: =IF(ISBLANK(O30),FALSE,O30) -> TRUE | Q30: FALSE | R30: =IF(ISBLANK(Q30),FALSE,Q30) -> FALSE | S30: TRUE | T30: =IF(ISBLANK(S30),FALSE,S30) -> TRUE | U30: prostate cancer | V30: =PROPER(U30) -> Prostate Cancer | W30: Yes | X30: Ongoing Treatment | Y30: Very Dissatisfied
A31: PID0030 | B31: B- | C31: 166 | D31: =C31/100 -> 1.66 | E31: =F31/(D31*D31) -> 26.818116 | F31: 73.9 | G31: =ROUND(F31,1) -> 73.9 | H31: FALSE | I31: FALSE | J31: FALSE | K31: FALSE | L31: =IF(K31="Yes",TRUE,IF(K31="No", FALSE, K31)) -> FALSE | M31: 117/75 | N31: 166 | O31: FALSE | P31: =IF(ISBLANK(O31),FALSE,O31) -> FALSE | Q31: FALSE | R31: =IF(ISBLANK(Q31),FALSE,Q31) -> FALSE | S31: FALSE | T31: =IF(ISBLANK(S31),FALSE,S31) -> FALSE | U31: Allergic Reaction | V31: =PROPER(U31) -> Allergic Reaction | W31: No | X31: Ongoing Treatment | Y31: Neutral
A32: PID0031 | B32: A+ | C32: 161 | D32: =C32/100 -> 1.61 | E32: =F32/(D32*D32) -> 22.915783 | F32: 59.4 | G32: =ROUND(F32,1) -> 59.4 | H32: TRUE | I32: FALSE | J32: TRUE | K32: FALSE | L32: =IF(K32="Yes",TRUE,IF(K32="No", FALSE, K32)) -> FALSE | M32: 127/71 | N32: 202 | O32: FALSE | P32: =IF(ISBLANK(O32),FALSE,O32) -> FALSE | Q32: FALSE | R32: =IF(ISBLANK(Q32),FALSE,Q32) -> FALSE | S32: FALSE | T32: =IF(ISBLANK(S32),FALSE,S32) -> FALSE | U32: Cancer | V32: =PROPER(U32) -> Cancer | W32: No | X32: Critical | Y32: Neutral
A33: PID0032 | B33: A- | C33: 156 | D33: =C33/100 -> 1.56 | E33: =F33/(D33*D33) -> 24.408284 | F33: 59.4 | G33: =ROUND(F33,1) -> 59.4 | H33: FALSE | I33: TRUE | J33: TRUE | K33: FALSE | L33: =IF(K33="Yes",TRUE,IF(K33="No", FALSE, K33)) -> FALSE | M33: 129/83 | N33: 196 | O33: FALSE | P33: =IF(ISBLANK(O33),FALSE,O33) -> FALSE | Q33: FALSE | R33: =IF(ISBLANK(Q33),FALSE,Q33) -> FALSE | S33: FALSE | T33: =IF(ISBLANK(S33),FALSE,S33) -> FALSE | U33: prostate cancer | V33: =PROPER(U33) -> Prostate Cancer | W33: No | X33: Ongoing Treatment | Y33: Satisfied
A34: PID0033 | B34: A+ | C34: 170 | D34: =C34/100 -> 1.7 | E34: =F34/(D34*D34) -> 25.50173 | F34: 73.7 | G34: =ROUND(F34,1) -> 73.7 | H34: FALSE | I34: TRUE | J34: TRUE | K34: FALSE | L34: =IF(K34="Yes",TRUE,IF(K34="No", FALSE, K34)) -> FALSE | M34: 126/73 | N34: 193 | O34: FALSE | P34: =IF(ISBLANK(O34),FALSE,O34) -> FALSE | Q34: FALSE | R34: =IF(ISBLANK(Q34),FALSE,Q34) -> FALSE | S34: FALSE | T34: =IF(ISBLANK(S34),FALSE,S34) -> FALSE | U34: stroke | V34: =PROPER(U34) -> Stroke | W34: Yes | X34: Ongoing Treatment | Y34: Neutral
A35: PID0034 | B35: A- | C35: 173 | D35: =C35/100 -> 1.73 | E35: =F35/(D35*D35) -> 31.808614 | F35: 95.2 | G35: =ROUND(F35,1) -> 95.2 | H35: FALSE | I35: FALSE | J35: FALSE | K35: TRUE | L35: =IF(K35="Yes",TRUE,IF(K35="No", FALSE, K35)) -> TRUE | M35: 122/77 | N35: 156 | O35: TRUE | P35: =IF(ISBLANK(O35),FALSE,O35) -> TRUE | Q35: FALSE | R35: =IF(ISBLANK(Q35),FALSE,Q35) -> FALSE | S35: TRUE | T35: =IF(ISBLANK(S35),FALSE,S35) -> TRUE | U35: allergic reaction | V35: =PROPER(U35) -> Allergic Reaction | W35: No | X35: Recovered | Y35: Neutral
A36: PID0035 | B36: O- | C36: 165 | D36: =C36/100 -> 1.65 | E36: =F36/(D36*D36) -> 28.686869 | F36: 78.1 | G36: =ROUND(F36,1) -> 78.1 | H36: FALSE | I36: FALSE | J36: FALSE | K36: FALSE | L36: =IF(K36="Yes",TRUE,IF(K36="No", FALSE, K36)) -> FALSE | M36: 121/70 | N36: 191 | O36: FALSE | P36: =IF(ISBLANK(O36),FALSE,O36) -> FALSE | Q36: TRUE | R36: =IF(ISBLANK(Q36),FALSE,Q36) -> TRUE | S36: TRUE | T36: =IF(ISBLANK(S36),FALSE,S36) -> TRUE | U36: Cancer | V36: =PROPER(U36) -> Cancer | W36: Yes | X36: Critical | Y36: Neutral
A37: PID0036 | B37: B+ | C37: 161 | D37: =C37/100 -> 1.61 | E37: =F37/(D37*D37) -> 30.168589 | F37: 78.2 | G37: =ROUND(F37,1) -> 78.2 | H37: FALSE | I37: FALSE | J37: FALSE | K37: FALSE | L37: =IF(K37="Yes",TRUE,IF(K37="No", FALSE, K37)) -> FALSE | M37: 126/79 | N37: 191 | P37: =IF(ISBLANK(O37),FALSE,O37) -> FALSE | Q37: TRUE | R37: =IF(ISBLANK(Q37),FALSE,Q37) -> TRUE | S37: TRUE | T37: =IF(ISBLANK(S37),FALSE,S37) -> TRUE | U37: cancer | V37: =PROPER(U37) -> Cancer | W37: No | X37: Recovered | Y37: Dissatisfied
A38: PID0037 | B38: O+ | C38: 156 | D38: =C38/100 -> 1.56 | E38: =F38/(D38*D38) -> 24.901381 | F38: 60.6 | G38: =ROUND(F38,1) -> 60.6 | H38: FALSE | I38: TRUE | J38: TRUE | K38: FALSE | L38: =IF(K38="Yes",TRUE,IF(K38="No", FALSE, K38)) -> FALSE | M38: 115/82 | N38: 161 | O38: FALSE | P38: =IF(ISBLANK(O38),FALSE,O38) -> FALSE | Q38: FALSE | R38: =IF(ISBLANK(Q38),FALSE,Q38) -> FALSE | S38: FALSE | T38: =IF(ISBLANK(S38),FALSE,S38) -> FALSE | U38: appendicitis | V38: =PROPER(U38) -> Appendicitis | W38: No | X38: Recovered | Y38: Satisfied
A39: PID0038 | B39: O+ | C39: 169 | D39: =C39/100 -> 1.69 | E39: =F39/(D39*D39) -> 34.732677 | F39: 99.2 | G39: =ROUND(F39,1) -> 99.2 | H39: TRUE | I39: FALSE | J39: FALSE | K39: TRUE | L39: =IF(K39="Yes",TRUE,IF(K39="No", FALSE, K39)) -> TRUE | M39: 121/79 | N39: 160 | O39: TRUE | P39: =IF(ISBLANK(O39),FALSE,O39) -> TRUE | Q39: TRUE | R39: =IF(ISBLANK(Q39),FALSE,Q39) -> TRUE | S39: TRUE | T39: =IF(ISBLANK(S39),FALSE,S39) -> TRUE | U39: Allergic Reaction | V39: =PROPER(U39) -> Allergic Reaction | W39: Yes | X39: Critical | Y39: Very Satisfied
A40: PID0039 | B40: O+ | C40: 159 | D40: =C40/100 -> 1.59 | E40: =F40/(D40*D40) -> 23.298129 | F40: 58.9 | G40: =ROUND(F40,1) -> 58.9 | H40: FALSE | I40: TRUE | J40: FALSE | K40: FALSE | L40: =IF(K40="Yes",TRUE,IF(K40="No", FALSE, K40)) -> FALSE | M40: 125/74 | N40: 212 | O40: FALSE | P40: =IF(ISBLANK(O40),FALSE,O40) -> FALSE | Q40: FALSE | R40: =IF(ISBLANK(Q40),FALSE,Q40) -> FALSE | S40: FALSE | T40: =IF(ISBLANK(S40),FALSE,S40) -> FALSE | U40: Cancer | V40: =PROPER(U40) -> Cancer | W40: Yes | X40: Critical | Y40: Satisfied
A41: PID0040 | B41: O+ | C41: 161 | D41: =C41/100 -> 1.61 | E41: =F41/(D41*D41) -> 30.515798 | F41: 79.1 | G41: =ROUND(F41,1) -> 79.1 | H41: TRUE | I41: FALSE | J41: FALSE | K41: TRUE | L41: =IF(K41="Yes",TRUE,IF(K41="No", FALSE, K41)) -> TRUE | M41: 112/70 | N41: 180 | O41: TRUE | P41: =IF(ISBLANK(O41),FALSE,O41) -> TRUE | Q41: FALSE | R41: =IF(ISBLANK(Q41),FALSE,Q41) -> FALSE | S41: TRUE | T41: =IF(ISBLANK(S41),FALSE,S41) -> TRUE | U41: Prostate Cancer | V41: =PROPER(U41) -> Prostate Cancer | W41: Yes | X41: Recovered | Y41: Neutral
A42: PID0041 | B42: A+ | C42: 165 | D42: =C42/100 -> 1.65 | E42: =F42/(D42*D42) -> 28.429752 | F42: 77.4 | G42: =ROUND(F42,1) -> 77.4 | H42: FALSE | I42: TRUE | J42: FALSE | K42: TRUE | L42: =IF(K42="Yes",TRUE,IF(K42="No", FALSE, K42)) -> TRUE | M42: 111/88 | N42: 185 | O42: TRUE | P42: =IF(ISBLANK(O42),FALSE,O42) -> TRUE | Q42: FALSE | R42: =IF(ISBLANK(Q42),FALSE,Q42) -> FALSE | S42: TRUE | T42: =IF(ISBLANK(S42),FALSE,S42) -> TRUE | U42: osteoarthritis | V42: =PROPER(U42) -> Osteoarthritis | W42: No | X42: Recovered | Y42: Dissatisfied
A43: PID0042 | B43: AB+ | C43: 156 | D43: =C43/100 -> 1.56 | E43: =F43/(D43*D43) -> 32.914201 | F43: 80.1 | G43: =ROUND(F43,1) -> 80.1 | H43: FALSE | I43: TRUE | J43: FALSE | K43: FALSE | L43: =IF(K43="Yes",TRUE,IF(K43="No", FALSE, K43)) -> FALSE | M43: 121/85 | N43: 189 | P43: =IF(ISBLANK(O43),FALSE,O43) -> FALSE | Q43: TRUE | R43: =IF(ISBLANK(Q43),FALSE,Q43) -> TRUE | S43: TRUE | T43: =IF(ISBLANK(S43),FALSE,S43) -> TRUE | U43: Prostate Cancer | V43: =PROPER(U43) -> Prostate Cancer | W43: Yes | X43: Recovered | Y43: Satisfied
A44: PID0043 | B44: O+ | C44: 160 | D44: =C44/100 -> 1.6 | E44: =F44/(D44*D44) -> 31.71875 | F44: 81.2 | G44: =ROUND(F44,1) -> 81.2 | H44: FALSE | I44: FALSE | J44: FALSE | K44: FALSE | L44: =IF(K44="Yes",TRUE,IF(K44="No", FALSE, K44)) -> FALSE | M44: 127/81 | N44: 217 | O44: FALSE | P44: =IF(ISBLANK(O44),FALSE,O44) -> FALSE | Q44: TRUE | R44: =IF(ISBLANK(Q44),FALSE,Q44) -> TRUE | S44: TRUE | T44: =IF(ISBLANK(S44),FALSE,S44) -> TRUE | U44: fractured leg | V44: =PROPER(U44) -> Fractured Leg | W44: Yes | X44: Recovered | Y44: Satisfied
A45: PID0044 | B45: O- | C45: 171 | D45: =C45/100 -> 1.71 | E45: =F45/(D45*D45) -> 29.13717 | F45: 85.2 | G45: =ROUND(F45,1) -> 85.2 | H45: TRUE | I45: FALSE | J45: FALSE | K45: TRUE | L45: =IF(K45="Yes",TRUE,IF(K45="No", FALSE, K45)) -> TRUE | M45: 125/70 | N45: 173 | O45: TRUE | P45: =IF(ISBLANK(O45),FALSE,O45) -> TRUE | Q45: FALSE | R45: =IF(ISBLANK(Q45),FALSE,Q45) -> FALSE | S45: TRUE | T45: =IF(ISBLANK(S45),FALSE,S45) -> TRUE | U45: Appendicitis | V45: =PROPER(U45) -> Appendicitis | W45: Yes | X45: Recovered | Y45: Very Satisfied
A46: PID0045 | B46: B+ | C46: 154 | D46: =C46/100 -> 1.54 | E46: =F46/(D46*D46) -> 31.582054 | F46: 74.9 | G46: =ROUND(F46,1) -> 74.9 | H46: FALSE | I46: TRUE | J46: FALSE | K46: TRUE | L46: =IF(K46="Yes",TRUE,IF(K46="No", FALSE, K46)) -> TRUE | M46: 121/80 | N46: 160 | O46: TRUE | P46: =IF(ISBLANK(O46),FALSE,O46) -> TRUE | Q46: TRUE | R46: =IF(ISBLANK(Q46),FALSE,Q46) -> TRUE | S46: TRUE | T46: =IF(ISBLANK(S46),FALSE,S46) -> TRUE | U46: Heart Attack | V46: =PROPER(U46) -> Heart Attack | W46: Yes | X46: Critical | Y46: Neutral
A47: PID0046 | B47: O- | C47: 171 | D47: =C47/100 -> 1.71 | E47: =F47/(D47*D47) -> 30.847098 | F47: 90.2 | G47: =ROUND(F47,1) -> 90.2 | H47: FALSE | I47: TRUE | J47: TRUE | K47: FALSE | L47: =IF(K47="Yes",TRUE,IF(K47="No", FALSE, K47)) -> FALSE | M47: 110/77 | N47: 186 | O47: TRUE | P47: =IF(ISBLANK(O47),FALSE,O47) -> TRUE | Q47: FALSE | R47: =IF(ISBLANK(Q47),FALSE,Q47) -> FALSE | S47: TRUE | T47: =IF(ISBLANK(S47),FALSE,S47) -> TRUE | U47: Heart Attack | V47: =PROPER(U47) -> Heart Attack | W47: No | X47: Ongoing Treatment | Y47: Satisfied
A48: PID0047 | B48: AB- | C48: 178 | D48: =C48/100 -> 1.78 | E48: =F48/(D48*D48) -> 24.144679 | F48: 76.5 | G48: =ROUND(F48,1) -> 76.5 | H48: FALSE | I48: FALSE | J48: FALSE | K48: FALSE | L48: =IF(K48="Yes",TRUE,IF(K48="No", FALSE, K48)) -> FALSE | M48: 120/86 | N48: 196 | O48: FALSE | P48: =IF(ISBLANK(O48),FALSE,O48) -> FALSE | R48: =IF(ISBLANK(Q48),FALSE,Q48) -> FALSE | S48: FALSE | T48: =IF(ISBLANK(S48),FALSE,S48) -> FALSE | U48: Cancer | V48: =PROPER(U48) -> Cancer | W48: Yes | X48: Recovered | Y48: Neutral
A49: PID0048 | B49: B- | C49: 176 | D49: =C49/100 -> 1.76 | E49: =F49/(D49*D49) -> 28.441374 | F49: 88.1 | G49: =ROUND(F49,1) -> 88.1 | H49: FALSE | I49: FALSE | J49: FALSE | K49: FALSE | L49: =IF(K49="Yes",TRUE,IF(K49="No", FALSE, K49)) -> FALSE | M49: 116/82 | N49: 187 | O49: FALSE | P49: =IF(ISBLANK(O49),FALSE,O49) -> FALSE | Q49: TRUE | R49: =IF(ISBLANK(Q49),FALSE,Q49) -> TRUE | S49: TRUE | T49: =IF(ISBLANK(S49),FALSE,S49) -> TRUE | U49: stroke | V49: =PROPER(U49) -> Stroke | W49: Yes | X49: Critical | Y49: Dissatisfied
A50: PID0049 | B50: A- | C50: 153 | D50: =C50/100 -> 1.53 | E50: =F50/(D50*D50) -> 20.590371 | F50: 48.2 | G50: =ROUND(F50,1) -> 48.2 | H50: TRUE | I50: TRUE | J50: FALSE | K50: FALSE | L50: =IF(K50="Yes",TRUE,IF(K50="No", FALSE, K50)) -> FALSE | M50: 115/70 | N50: 151 | O50: FALSE | P50: =IF(ISBLANK(O50),FALSE,O50) -> FALSE | Q50: FALSE | R50: =IF(ISBLANK(Q50),FALSE,Q50) -> FALSE | S50: FALSE | T50: =IF(ISBLANK(S50),FALSE,S50) -> FALSE | U50: Prostate Cancer | V50: =PROPER(U50) -> Prostate Cancer | W50: Yes | X50: Critical | Y50: Dissatisfied
A51: PID0050 | B51: B- | C51: 165 | D51: =C51/100 -> 1.65 | E51: =F51/(D51*D51) -> 33.461892 | F51: 91.1 | G51: =ROUND(F51,1) -> 91.1 | H51: FALSE | I51: FALSE | J51: FALSE | K51: TRUE | L51: =IF(K51="Yes",TRUE,IF(K51="No", FALSE, K51)) -> TRUE | M51: 118/76 | N51: 220 | O51: TRUE | P51: =IF(ISBLANK(O51),FALSE,O51) -> TRUE | Q51: FALSE | R51: =IF(ISBLANK(Q51),FALSE,Q51) -> FALSE | S51: TRUE | T51: =IF(ISBLANK(S51),FALSE,S51) -> TRUE | U51: respiratory infection | V51: =PROPER(U51) -> Respiratory Infection | W51: No | X51: Critical | Y51: Very Satisfied
A52: PID0051 | B52: O+ | C52: 158 | D52: =C52/100 -> 1.58 | E52: =F52/(D52*D52) -> 25.997436 | F52: 64.9 | G52: =ROUND(F52,1) -> 64.9 | H52: FALSE | I52: TRUE | J52: FALSE | K52: FALSE | L52: =IF(K52="Yes",TRUE,IF(K52="No", FALSE, K52)) -> FALSE | M52: 122/75 | N52: 160 | O52: FALSE | P52: =IF(ISBLANK(O52),FALSE,O52) -> FALSE | Q52: FALSE | R52: =IF(ISBLANK(Q52),FALSE,Q52) -> FALSE | S52: FALSE | T52: =IF(ISBLANK(S52),FALSE,S52) -> FALSE | U52: Prostate Cancer | V52: =PROPER(U52) -> Prostate Cancer | W52: Yes | X52: Ongoing Treatment | Y52: Very Satisfied
A53: PID0052 | B53: O- | C53: 167 | D53: =C53/100 -> 1.67 | E53: =F53/(D53*D53) -> 31.230951 | F53: 87.1 | G53: =ROUND(F53,1) -> 87.1 | H53: FALSE | I53: FALSE | J53: FALSE | K53: FALSE | L53: =IF(K53="Yes",TRUE,IF(K53="No", FALSE, K53)) -> FALSE | M53: 111/73 | N53: 212 | O53: TRUE | P53: =IF(ISBLANK(O53),FALSE,O53) -> TRUE | Q53: TRUE | R53: =IF(ISBLANK(Q53),FALSE,Q53) -> TRUE | S53: TRUE | T53: =IF(ISBLANK(S53),FALSE,S53) -> TRUE | U53: heart disease | V53: =PROPER(U53) -> Heart Disease | W53: Yes | X53: Critical | Y53: Satisfied
A54: PID0053 | B54: B+ | C54: 160 | D54: =C54/100 -> 1.6 | E54: =F54/(D54*D54) -> 28.164062 | F54: 72.1 | G54: =ROUND(F54,1) -> 72.1 | H54: TRUE | I54: TRUE | J54: FALSE | K54: TRUE | L54: =IF(K54="Yes",TRUE,IF(K54="No", FALSE, K54)) -> TRUE | M54: 114/87 | N54: 194 | O54: TRUE | P54: =IF(ISBLANK(O54),FALSE,O54) -> TRUE | Q54: FALSE | R54: =IF(ISBLANK(Q54),FALSE,Q54) -> FALSE | S54: TRUE | T54: =IF(ISBLANK(S54),FALSE,S54) -> TRUE | U54: Respiratory Infection | V54: =PROPER(U54) -> Respiratory Infection | X54: Ongoing Treatment | Y54: Very Dissatisfied
A55: PID0054 | B55: AB- | C55: 167 | D55: =C55/100 -> 1.67 | E55: =F55/(D55*D55) -> 33.382337 | F55: 93.1 | G55: =ROUND(F55,1) -> 93.1 | H55: FALSE | I55: TRUE | J55: FALSE | K55: FALSE | L55: =IF(K55="Yes",TRUE,IF(K55="No", FALSE, K55)) -> FALSE | M55: 119/75 | N55: 168 | P55: =IF(ISBLANK(O55),FALSE,O55) -> FALSE | Q55: TRUE | R55: =IF(ISBLANK(Q55),FALSE,Q55) -> TRUE | S55: TRUE | T55: =IF(ISBLANK(S55),FALSE,S55) -> TRUE | U55: Hypertension | V55: =PROPER(U55) -> Hypertension | W55: Yes | X55: Recovered | Y55: Very Dissatisfied
A56: PID0055 | B56: AB+ | C56: 179 | D56: =C56/100 -> 1.79 | E56: =F56/(D56*D56) -> 23.532349 | F56: 75.4 | G56: =ROUND(F56,1) -> 75.4 | H56: FALSE | I56: FALSE | J56: FALSE | K56: FALSE | L56: =IF(K56="Yes",TRUE,IF(K56="No", FALSE, K56)) -> FALSE | M56: 112/79 | N56: 219 | O56: FALSE | P56: =IF(ISBLANK(O56),FALSE,O56) -> FALSE | Q56: FALSE | R56: =IF(ISBLANK(Q56),FALSE,Q56) -> FALSE | S56: FALSE | T56: =IF(ISBLANK(S56),FALSE,S56) -> FALSE | U56: Kidney Stones | V56: =PROPER(U56) -> Kidney Stones | W56: Yes | X56: Ongoing Treatment | Y56: Very Dissatisfied
A57: PID0056 | B57: AB- | C57: 161 | D57: =C57/100 -> 1.61 | E57: =F57/(D57*D57) -> 22.259944 | F57: 57.7 | G57: =ROUND(F57,1) -> 57.7 | H57: FALSE | I57: TRUE | J57: TRUE | K57: FALSE | L57: =IF(K57="Yes",TRUE,IF(K57="No", FALSE, K57)) -> FALSE | M57: 121/81 | N57: 218 | O57: FALSE | P57: =IF(ISBLANK(O57),FALSE,O57) -> FALSE | Q57: FALSE | R57: =IF(ISBLANK(Q57),FALSE,Q57) -> FALSE | S57: FALSE | T57: =IF(ISBLANK(S57),FALSE,S57) -> FALSE | U57: Fractured Leg | V57: =PROPER(U57) -> Fractured Leg | W57: No | X57: Ongoing Treatment | Y57: Dissatisfied
A58: PID0057 | B58: O+ | C58: 164 | D58: =C58/100 -> 1.64 | E58: =F58/(D58*D58) -> 23.274836 | F58: 62.6 | G58: =ROUND(F58,1) -> 62.6 | H58: FALSE | I58: TRUE | J58: FALSE | K58: FALSE | L58: =IF(K58="Yes",TRUE,IF(K58="No", FALSE, K58)) -> FALSE | M58: 124/72 | N58: 186 | O58: FALSE | P58: =IF(ISBLANK(O58),FALSE,O58) -> FALSE | Q58: FALSE | R58: =IF(ISBLANK(Q58),FALSE,Q58) -> FALSE | T58: =IF(ISBLANK(S58),FALSE,S58) -> FALSE | U58: cancer | V58: =PROPER(U58) -> Cancer | W58: Yes | X58: Ongoing Treatment | Y58: Neutral
A59: PID0058 | B59: AB- | C59: 163 | D59: =C59/100 -> 1.63 | E59: =F59/(D59*D59) -> 23.900034 | F59: 63.5 | G59: =ROUND(F59,1) -> 63.5 | H59: TRUE | I59: FALSE | J59: FALSE | K59: FALSE | L59: =IF(K59="Yes",TRUE,IF(K59="No", FALSE, K59)) -> FALSE | M59: 118/80 | N59: 177 | P59: =IF(ISBLANK(O59),FALSE,O59) -> FALSE | Q59: FALSE | R59: =IF(ISBLANK(Q59),FALSE,Q59) -> FALSE | S59: FALSE | T59: =IF(ISBLANK(S59),FALSE,S59) -> FALSE | U59: fractured leg | V59: =PROPER(U59) -> Fractured Leg | W59: Yes | X59: Ongoing Treatment | Y59: Satisfied
A60: PID0059 | B60: B+ | C60: 172 | D60: =C60/100 -> 1.72 | E60: =F60/(D60*D60) -> 24.236074 | F60: 71.7 | G60: =ROUND(F60,1) -> 71.7 | H60: TRUE | I60: FALSE | J60: FALSE | K60: FALSE | L60: =IF(K60="Yes",TRUE,IF(K60="No", FALSE, K60)) -> FALSE | M60: 124/80 | N60: 179 | O60: FALSE | P60: =IF(ISBLANK(O60),FALSE,O60) -> FALSE | Q60: FALSE | R60: =IF(ISBLANK(Q60),FALSE,Q60) -> FALSE | S60: FALSE | T60: =IF(ISBLANK(S60),FALSE,S60) -> FALSE | U60: kidney stones | V60: =PROPER(U60) -> Kidney Stones | W60: Yes | X60: Critical | Y60: Dissatisfied
A61: PID0060 | B61: B- | C61: 178 | D61: =C61/100 -> 1.78 | E61: =F61/(D61*D61) -> 32.824138 | F61: 104 | G61: =ROUND(F61,1) -> 104 | H61: FALSE | I61: FALSE | J61: FALSE | K61: FALSE | L61: =IF(K61="Yes",TRUE,IF(K61="No", FALSE, K61)) -> FALSE | M61: 127/86 | N61: 166 | O61: TRUE | P61: =IF(ISBLANK(O61),FALSE,O61) -> TRUE | Q61: FALSE | R61: =IF(ISBLANK(Q61),FALSE,Q61) -> FALSE | S61: TRUE | T61: =IF(ISBLANK(S61),FALSE,S61) -> TRUE | U61: Heart Attack | V61: =PROPER(U61) -> Heart Attack | W61: Yes | X61: Recovered | Y61: Very Satisfied
A62: PID0061 | B62: B- | C62: 176 | D62: =C62/100 -> 1.76 | E62: =F62/(D62*D62) -> 30.894886 | F62: 95.7 | G62: =ROUND(F62,1) -> 95.7 | H62: TRUE | I62: FALSE | J62: TRUE | K62: FALSE | L62: =IF(K62="Yes",TRUE,IF(K62="No", FALSE, K62)) -> FALSE | M62: 127/77 | N62: 182 | O62: TRUE | P62: =IF(ISBLANK(O62),FALSE,O62) -> TRUE | Q62: FALSE | R62: =IF(ISBLANK(Q62),FALSE,Q62) -> FALSE | S62: TRUE | T62: =IF(ISBLANK(S62),FALSE,S62) -> TRUE | U62: Heart Attack | V62: =PROPER(U62) -> Heart Attack | W62: No | X62: Recovered | Y62: Neutral
A63: PID0062 | B63: B- | C63: 169 | D63: =C63/100 -> 1.69 | E63: =F63/(D63*D63) -> 30.35608 | F63: 86.7 | G63: =ROUND(F63,1) -> 86.7 | H63: FALSE | I63: TRUE | J63: TRUE | K63: FALSE | L63: =IF(K63="Yes",TRUE,IF(K63="No", FALSE, K63)) -> FALSE | M63: 112/86 | N63: 186 | O63: FALSE | P63: =IF(ISBLANK(O63),FALSE,O63) -> FALSE | Q63: TRUE | R63: =IF(ISBLANK(Q63),FALSE,Q63) -> TRUE | S63: TRUE | T63: =IF(ISBLANK(S63),FALSE,S63) -> TRUE | U63: Appendicitis | V63: =PROPER(U63) -> Appendicitis | W63: No | X63: Recovered | Y63: Satisfied
A64: PID0063 | B64: O+ | C64: 176 | D64: =C64/100 -> 1.76 | E64: =F64/(D64*D64) -> 34.187791 | F64: 105.9001 | G64: =ROUND(F64,1) -> 105.9 | H64: FALSE | I64: FALSE | J64: FALSE | K64: TRUE | L64: =IF(K64="Yes",TRUE,IF(K64="No", FALSE, K64)) -> TRUE | M64: 126/70 | N64: 176 | O64: TRUE | P64: =IF(ISBLANK(O64),FALSE,O64) -> TRUE | Q64: FALSE | R64: =IF(ISBLANK(Q64),FALSE,Q64) -> FALSE | S64: TRUE | T64: =IF(ISBLANK(S64),FALSE,S64) -> TRUE | U64: Hypertension | V64: =PROPER(U64) -> Hypertension | W64: Yes | X64: Recovered | Y64: Very Dissatisfied
A65: PID0064 | B65: A+ | C65: 166 | D65: =C65/100 -> 1.66 | E65: =F65/(D65*D65) -> 31.608361 | F65: 87.1 | G65: =ROUND(F65,1) -> 87.1 | H65: FALSE | I65: FALSE | J65: FALSE | K65: FALSE | L65: =IF(K65="Yes",TRUE,IF(K65="No", FALSE, K65)) -> FALSE | M65: 127/86 | N65: 188 | O65: TRUE | P65: =IF(ISBLANK(O65),FALSE,O65) -> TRUE | Q65: FALSE | R65: =IF(ISBLANK(Q65),FALSE,Q65) -> FALSE | S65: TRUE | T65: =IF(ISBLANK(S65),FALSE,S65) -> TRUE | U65: Heart Disease | V65: =PROPER(U65) -> Heart Disease | W65: Yes | X65: Critical | Y65: Satisfied
A66: PID0065 | B66: AB+ | C66: 162 | D66: =C66/100 -> 1.62 | E66: =F66/(D66*D66) -> 23.129096 | F66: 60.7 | G66: =ROUND(F66,1) -> 60.7 | H66: FALSE | I66: FALSE | J66: TRUE | K66: FALSE | L66: =IF(K66="Yes",TRUE,IF(K66="No", FALSE, K66)) -> FALSE | M66: 113/76 | N66: 204 | O66: FALSE | P66: =IF(ISBLANK(O66),FALSE,O66) -> FALSE | Q66: FALSE | R66: =IF(ISBLANK(Q66),FALSE,Q66) -> FALSE | S66: FALSE | T66: =IF(ISBLANK(S66),FALSE,S66) -> FALSE | U66: allergic reaction | V66: =PROPER(U66) -> Allergic Reaction | W66: Yes | X66: Critical | Y66: Neutral
A67: PID0066 | B67: AB- | C67: 165 | D67: =C67/100 -> 1.65 | E67: =F67/(D67*D67) -> 24.0955 | F67: 65.6 | G67: =ROUND(F67,1) -> 65.6 | H67: FALSE | I67: FALSE | J67: FALSE | K67: FALSE | L67: =IF(K67="Yes",TRUE,IF(K67="No", FALSE, K67)) -> FALSE | M67: 112/73 | N67: 166 | O67: FALSE | P67: =IF(ISBLANK(O67),FALSE,O67) -> FALSE | Q67: FALSE | R67: =IF(ISBLANK(Q67),FALSE,Q67) -> FALSE | S67: FALSE | T67: =IF(ISBLANK(S67),FALSE,S67) -> FALSE | U67: Osteoarthritis | V67: =PROPER(U67) -> Osteoarthritis | W67: No | X67: Ongoing Treatment | Y67: Neutral
A68: PID0067 | B68: A+ | C68: 150 | D68: =C68/100 -> 1.5 | E68: =F68/(D68*D68) -> 30.666667 | F68: 69 | G68: =ROUND(F68,1) -> 69 | H68: FALSE | I68: TRUE | J68: FALSE | K68: TRUE | L68: =IF(K68="Yes",TRUE,IF(K68="No", FALSE, K68)) -> TRUE | M68: 115/82 | N68: 163 | O68: TRUE | P68: =IF(ISBLANK(O68),FALSE,O68) -> TRUE | Q68: FALSE | R68: =IF(ISBLANK(Q68),FALSE,Q68) -> FALSE | S68: TRUE | T68: =IF(ISBLANK(S68),FALSE,S68) -> TRUE | U68: Childbirth | V68: =PROPER(U68) -> Childbirth | W68: No | X68: Recovered | Y68: Neutral
A69: PID0068 | B69: AB+ | C69: 169 | D69: =C69/100 -> 1.69 | E69: =F69/(D69*D69) -> 23.773677 | F69: 67.9 | G69: =ROUND(F69,1) -> 67.9 | H69: FALSE | I69: TRUE | J69: TRUE | K69: FALSE | L69: =IF(K69="Yes",TRUE,IF(K69="No", FALSE, K69)) -> FALSE | M69: 121/78 | N69: 200 | O69: FALSE | P69: =IF(ISBLANK(O69),FALSE,O69) -> FALSE | Q69: FALSE | R69: =IF(ISBLANK(Q69),FALSE,Q69) -> FALSE | T69: =IF(ISBLANK(S69),FALSE,S69) -> FALSE | U69: allergic reaction | V69: =PROPER(U69) -> Allergic Reaction | W69: No | X69: Recovered | Y69: Dissatisfied
A70: PID0069 | B70: B- | C70: 158 | D70: =C70/100 -> 1.58 | E70: =F70/(D70*D70) -> 31.565454 | F70: 78.8 | G70: =ROUND(F70,1) -> 78.8 | H70: FALSE | I70: FALSE | J70: FALSE | K70: FALSE | L70: =IF(K70="Yes",TRUE,IF(K70="No", FALSE, K70)) -> FALSE | M70: 124/82 | N70: 225 | O70: FALSE | P70: =IF(ISBLANK(O70),FALSE,O70) -> FALSE | Q70: TRUE | R70: =IF(ISBLANK(Q70),FALSE,Q70) -> TRUE | S70: TRUE | T70: =IF(ISBLANK(S70),FALSE,S70) -> TRUE | U70: Cancer | V70: =PROPER(U70) -> Cancer | W70: No | X70: Recovered | Y70: Very Satisfied
